Somalia,Mogadiscio
Somalia,Kismaayo
Somalia,Burao
Yemen,Saná
Yemen,Moca
Libia,Tobruk
Libia,Bengasi
Irak,Tikrit
Irak,Kirkuk
Irak,Kerbala
Irak,Erbil
Irak,Bagdad
Irak,Nayaf
Irak,Mosul
Irak,Kut
Irak,Basora
Arabia Saudí,La Meca
Arabia Saudí,Jeddah
Arabia Saudí,Riad
Arabia Saudí,Medina
Irán,Yazd
Irán,Teherán
Irán,Tabriz
Irán,Sarí
Irán,Sanandaj
Irán,Qazvín
Irán,Urmía
Irán,Mashhad
Irán,Mahabad
Irán,Kermanshah
Irán,Kermán
Irán,Arak
Irán,Abadán
Chipre,Pafos
Chipre,Nicosia
Chipre,Limassol
Chipre,Larnaca
Chipre,Kyrenia
Tanzania,Zanzíbar
Tanzania,Mwanza
Tanzania,Dodoma
Tanzania,Dar es-Salam
Tanzania,Arusha
Turkmenistán,Asjabad
Siria,Alepo
Siria,Damasco
Siria,Latakia
Armenia,Yeghegnadzor
Armenia,Kapan
Kenia,Thika
Kenia,Nakuru
Kenia,Nairobi
Kenia,Mombasa
Kenia,Kericho
Ruanda,Kigali
Congo Democrático,Goma
Congo Democrático,Bunia
Congo Democrático,Bukavu
Yibuti,Obock
Yibuti,Yibuti
Uganda,Kampala
República Centroafricana,Birao
Seychelles,Victoria
Chad,Abéché
Jordania,Jerash
Jordania,Ammán
Jordania,Aqaba
Grecia,Volos
Grecia,Trikala
Grecia,Tebas
Grecia,Esparta
Grecia,Sitía
Grecia,Rétino
Grecia,Preveza
Grecia,El Pireo
Grecia,Patrás
Grecia,Nemea
Grecia,Mitilene
Grecia,Milo
Grecia,Megara
Grecia,Maratón
Grecia,Corintia
Grecia,Quíos
Grecia,La Canea
Grecia,Calcis
Grecia,Karditsa
Grecia,Kallithea
Grecia,Heraklion
Grecia,Ioánina
Grecia,Farsalia
Grecia,Eretria
Grecia,Aghios Nicolaos
Grecia,Atenas
Grecia,Arta
Grecia,Argos
Grecia,Egina
Líbano,Trípoli
Líbano,Sidón
Líbano,Biblos
Líbano,Beirut
Líbano,Baalbek
Territorios Palestinos,Gaza
Israel,Jerusalén
Territorios Palestinos,Ramala
Territorios Palestinos,Siquem
Territorios Palestinos,Belén
Territorios Palestinos,Jericó
Territorios Palestinos,Hebrón
Kuwait,Ciudad de Kuwait
Omán,Sur
Omán,Mascate
Omán,Jasab
Qatar,Municipio de Jor
Qatar,Doha
Bahréin,Manama
Emiratos Árabes Unidos,Dubái
Emiratos Árabes Unidos,Sarja
Emiratos Árabes Unidos,Fujairah
Emiratos Árabes Unidos,Abu Dabi
Israel,Jaffa
Israel,Tiberíades
Israel,Tel Aviv
Israel,Sederot
Israel,Rishon LeZion
Israel,Rejovot
Israel,Ramla
Israel,Ramat Hasharon
Israel,Ramat Gan
Israel,Qiryat Yam
Israel,Qiryat Mal'aji
Israel,Netanya
Israel,Ness Tziona
Israel,Nesher
Israel,Nazaret
Israel,Lod
Israel,Jolón
Israel,Herzliya
Israel,Haifa
Israel,Hadera
Israel,Eilat
Israel,Dimona
Israel,Binyamina
Israel,Bet Shemesh
Israel,Be'er Sheva
Israel,Bat Yam
Israel,Asdod
Israel,Acre
Turquía,Yozgat
Turquía,Edesa
Turquía,Tarso
Turquía,Sivas
Turquía,Polatlı
Turquía,Hierápolis
Turquía,Osmaniye
Turquía,Nevşehir
Turquía,Mersin
Turquía,Marmaris
Turquía,Malatya
Turquía,Kusadasi
Turquía,Konya
Turquía,Kayseri
Turquía,Esmirna
Turquía,Alejandreta
Turquía,Gaziantep
Turquía,Diyarbakır
Turquía,Bodrum
Turquía,Pérgamo
Turquía,Balikesir
Turquía,Aydin
Turquía,Antalya
Turquía,Antioquía
Turquía,Ankara
Turquía,Aksaray
Turquía,Adiyaman
Turquía,Adana
Eritrea,Massawa
Etiopía,Harar Jugol
Etiopía,Gondar
Etiopía,Dire Dawa
Etiopía,Bahir Dar
Eritrea,Asmara
Etiopía,Aksum
Etiopía,Addis Abeba
Egipto,Heliópolis
Egipto,Esna
Egipto,Damieta
Egipto,Puerto Saíd
Egipto,Asuán
Egipto,Suez
Egipto,Lúxor
Egipto,Cairo
Egipto,El Mansura
Egipto,Guiza
Egipto,Ismailía
Egipto,Alejandría
Egipto,Hurgada
Egipto,El-Fayum
Sudán,Puerto Sudán
Sudán,Gadarif
Sudán,Jartum
Grecia,Rodas
Yemen,Adén
Irán,Isfahán
Burundi,Buyumbura
Burundi,Gitega
Letonia,Riga
Letonia,Rēzekne
Letonia,Liepāja
Letonia,Jēkabpils
Rusia,Zvenígorod
Rusia,Zaínsk
Rusia,Yefrémov
Rusia,Viksa
Rusia,Víborg
Rusia,Vsévolozhsk
Rusia,Vótkinsk
Rusia,Vólosovo
Rusia,Vólogda
Rusia,Vóljov
Rusia,Volgogrado
Rusia,Vladímir
Rusia,Vladicáucaso
Rusia,Uliánovsk
Rusia,Ujtá
Rusia,Ufá
Rusia,Tula
Rusia,Tuapsé
Rusia,Torópets
Rusia,Toliatti
Rusia,Tijvin
Rusia,Tijoretsk
Rusia,Táldom
Rusia,Taganrog
Rusia,Súzdal
Rusia,Stúpino
Rusia,Spas-Klépiki
Rusia,Sochi
Rusia,Smolensk
Rusia,Slántsy
Rusia,Shatúra
Rusia,Shajty
Rusia,Séverskaya
Rusia,Sértolovo
Rusia,Sarátov
Rusia,San Petersburgo
Rusia,Samara
Rusia,Rýbinsk
Rusia,Rtíshchevo
Rusia,Rostov del Don
Rusia,Rostov
Rusia,Rámenskoye
Rusia,Púshkino
Rusia,Púchezh
Rusia,Primorsko-Ajtarsk
Rusia,Pórjov
Rusia,Petushkí
Rusia,Pávlovskaya
Rusia,Pávlovsk
Rusia,Palásovka
Rusia,Oremburgo
Rusia,Orël
Rusia,Oréjovo-Zúyevo
Rusia,Óbninsk
Rusia,Novorossiysk
Rusia,Novokúibyshevsk
Rusia,Veliki Nóvgorod
Rusia,Noguinsk
Rusia,Nízhniaya Turá
Rusia,Múrom
Rusia,Múrmansk
Rusia,Moscú
Rusia,Michúrinsk
Rusia,Liúbertsy
Rusia,Lujovitsy
Rusia,Lomonósov
Rusia,Lípetsk
Rusia,Léninsk
Rusia,Kursk
Rusia,Kurgáninsk
Rusia,Kudímkar
Rusia,Krasnodar
Rusia,Krasnoarmeisk
Rusia,Kostromá
Rusia,Korablinó
Rusia,Kízel
Rusia,Kislovodsk
Rusia,Kírovsk
Rusia,Kírovsk
Rusia,Kírov
Rusia,Kírishi
Rusia,Kiréyevsk
Rusia,Kíneshma
Rusia,Kímovsk
Rusia,Jimki
Rusia,Kazán
Rusia,Katav-Ivánovsk
Rusia,Kasímov
Rusia,Kaliningrado
Rusia,Kádnikov
Rusia,Ivánovo
Rusia,Ivángorod
Rusia,Gudermés
Rusia,Gubaja
Rusia,Grozni
Rusia,Gorodéts
Rusia,Glázov
Rusia,Gátchina
Rusia,Gálich
Rusia,Fúrmanov
Rusia,Elistá
Rusia,Dzerzhinsk
Rusia,Dubná
Rusia,Dmítrov
Rusia,Demídov
Rusia,Chusovói
Rusia,Cherepovéts
Rusia,Chéjov
Rusia,Chapáyevsk
Rusia,Buguruslán
Rusia,Bórovsk
Rusia,Borovichí
Rusia,Bóljov
Rusia,Beslán
Rusia,Bereznikí
Rusia,Beloréchensk
Rusia,Bélgorod
Rusia,Belebéi
Rusia,Bélaya Kalitvá
Rusia,Azov
Rusia,Astracán
Rusia,Anapa
Rusia,Aleksándrov
Rusia,Agriz
Azerbaiyán,Bakú
Estonia,Tartu
Estonia,Tallin
Estonia,Paldiski
Estonia,Narva
Estonia,Maardu
Estonia,Kuressaare
Estonia,Kohtla-Järve
Estonia,Jõhvi
Estonia,Jõgeva
Lituania,Vilna
Lituania,Ukmergė
Lituania,Telšiai
Lituania,Tauragė
Lituania,Šiauliai
Lituania,Raseiniai
Lituania,Prienai
Lituania,Mažeikiai
Lituania,Klaipėda
Lituania,Kėdainiai
Lituania,Kaišiadorys
Uzbekistán,Nukus
Suecia,Umeå
Suecia,Luleå
Svalbard y Jan Mayen,Svalbard y Jan Mayen
Kazajstán,Aktau
Georgia,Zugdidi
Georgia,Tiflis
Georgia,Sujumi
Georgia,Miskheta
Georgia,Kutaisi
Georgia,Gagra
Georgia,Batum
Armenia,Ereván
Armenia,Gyumri
Armenia,Ashtarak
Moldavia,Edineţ
Moldavia,Tiráspol
Moldavia,Chișinău
Moldavia,Cahul
Ucrania,Zhidáchiv
Bielorrusia,Vítebsk
Bielorrusia,Saligorsk
Bielorrusia,Pólatsk
Bielorrusia,Pinsk
Bielorrusia,Minsk
Bielorrusia,Maguilov
Bielorrusia,Kobriny
Bielorrusia,Goradnia
Bielorrusia,Gómel
Bielorrusia,Brest
Finlandia,Valkeakoski
Finlandia,Vaasa
Finlandia,Turku
Finlandia,Tampere
Finlandia,Sotkamo
Finlandia,Sipoo
Finlandia,Savonlinna
Finlandia,Rovaniemi
Finlandia,Rauma
Finlandia,Raisio
Finlandia,Pori
Finlandia,Pieksämäki
Finlandia,Oulu
Finlandia,Nokia
Finlandia,Mikkeli
Finlandia,Lappeenranta
Finlandia,Lahti
Finlandia,Kuopio
Finlandia,Kerava
Finlandia,Kauniainen
Finlandia,Jyväskylä
Finlandia,Joensuu
Finlandia,Pietarsari
Finlandia,Helsinki
Finlandia,Heinola
Finlandia,Hämeenlinna
Finlandia,Espoo
Finlandia,Porvoo
Rumanía,Zalău
Rumanía,Turda
Rumanía,Tulcea
Rumanía,Târnăveni
Rumanía,Târgu Mureş
Rumanía,Targu Jiu
Rumanía,Timisoara
Rumanía,Sibiu
Rumanía,Ploieşti
Rumanía,Piteşti
Rumanía,Oradea
Rumanía,Miercurea Ciuc
Rumanía,Medgidia
Rumanía,Mangalia
Rumanía,Iași
Rumanía,Giurgiu
Rumanía,Oneşti
Rumanía,Galați
Rumanía,Drobeta-Turnu Severin
Rumanía,Curtea de Argeş
Rumanía,Constanza
Rumanía,Cluj
Rumanía,Buzău
Rumanía,Bucarest
Rumanía,Braşov
Rumanía,Brăila
Rumanía,Botoşani
Rumanía,Bistriţa
Rumanía,Beiuș
Rumanía,Baia Mare
Rumanía,Bacău
Rumanía,Arad
Rumanía,Alba Iulia
Ucrania,Yalta
Ucrania,Volnovaja
Ucrania,Úzhgorod
Ucrania,Simferópol
Ucrania,Sevastopol
Ucrania,Poltava
Ucrania,Odesa
Ucrania,Nova Kajovka
Ucrania,Leópolis
Ucrania,Kiev
Ucrania,Krivói Rog
Ucrania,Kirovogrado
Ucrania,Jersón
Ucrania,Jarkov
Ucrania,Kániv
Ucrania,Kajovka
Ucrania,Górlovka
Ucrania,Chernígov
Ucrania,Cherkasy
Hungría,Miskolc
Hungría,Debrecen
Eslovaquia,Prešov
Eslovaquia,Košice
Bulgaria,Veliko Tarnovo
Bulgaria,Varna
Bulgaria,Tărgovište
Bulgaria,Stara Zagora
Bulgaria,Sozopol
Bulgaria,Sofía
Bulgaria,Ruse
Bulgaria,Preslav
Bulgaria,Plovdiv
Bulgaria,Pleven
Bulgaria,Pazardzhik
Bulgaria,Burgas
Grecia,Vergina
Grecia,Salónica
Grecia,Pela
Grecia,Litochoro
Grecia,Kozani
Grecia,Kilkís
Grecia,Kavala
Grecia,Kastoria
Grecia,Florina
Grecia,Alejandrópolis
Turquía,Trebisonda
Turquía,Provincia de Tokat
Turquía,Sinop
Turquía,Samsun
Turquía,Rize
Turquía,Kırklareli
Turquía,Kars
Turquía,Karabük
Turquía,Nicea
Turquía,Estambul
Turquía,Giresun
Turquía,Galípoli
Turquía,Edirne
Turquía,Çanakkale
Turquía,Bolu
Turquía,Pera
Turquía,Provincia de Bayburt
Turquía,Ardahan
Polonia,Żelechów
Polonia,Varsovia
Polonia,Rzeszów
Polonia,Radom
Polonia,Płońsk
Polonia,Nowy Targ
Polonia,Nowy Sącz
Polonia,Międzyrzec Podlaski
Polonia,Lublin
Polonia,Kielce
Polonia,Chełm
Polonia,Busko-Zdrój
Polonia,Bochnia
Polonia,Biłgoraj
Polonia,Białystok
Noruega,Vadsø
Noruega,Hammerfest
Albania,Gjirokastra
Serbia,Zrenjanin
Macedonia,Veles
Macedonia,Tetovo
Macedonia,Skopje
Kosovo,Priština
Serbia,Požarevac
Serbia,Pančevo
Macedonia,Ocrida
Serbia,Niš
Serbia,Leskovac
Macedonia,Kumanovo
Serbia,Kruševac
Serbia,Kragujevac
Serbia,Belgrado
Rusia,Pávlovo
Rusia,Známensk
Noruega,Alta
Namibia,Katima Mulilo
Zimbawe,Harare
Zimbawe,Bulawayo
Zambia,Ndola
Zambia,Lusaka
Zambia,Kitwe
Comoras,Moroni
Mayotte,Mamoudzou
Congo Democrático,Lubumbashi
Malaui,Lilongwe
Malaui,Blantyre
Lesotho,Maseru
Botsuana,Gaborone
Mauricio,Puerto Louis
Suazilandia,Mbabane
Suazilandia,Manzini
Suazilandia,Lobamba
Reunión,Saint-Denis
Sudáfrica,Soweto
Sudáfrica,Pretoria
Sudáfrica,Puerto Elizabeth
Sudáfrica,Pietermaritzburg
Sudáfrica,Phuthaditjhaba
Sudáfrica,Nelspruit
Sudáfrica,Mafikeng
Sudáfrica,Kimberley
Sudáfrica,Johannesburgo
Sudáfrica,Durban
Sudáfrica,Bloemfontein
Sudáfrica,Bisho
Mozambique,Tete
Mozambique,Quelimane
Mozambique,Nampula
Mozambique,Maputo
Mozambique,Lichinga
Madagascar,Antsiranana
Madagascar,Antananarivo
Afganistán,Kandahar
Afganistán,Kabul
Afganistán,Herāt
Pakistán,Rawalpindi
Pakistán,Quetta
Pakistán,Peshawar
Pakistán,Muzaffargarh
Pakistán,Multan
Pakistán,Lahore
Pakistán,Karachi
Pakistán,Islamabad
Pakistán,Hyderabad
Bangladesh,Sirajganj
Bangladesh,Daca
Bangladesh,Chittagong
Indonesia,Medan
Indonesia,Banda Aceh
Uzbekistán,Samarkanda
Tayikistán,Dushanbe
Sri Lanka,Colombo
Bután,Timbu
Bután,Distrito de Punakha
Bután,Paro
India,Visakhapatnam
India,Benarés
India,Ujjain
India,Shimla
India,Puri
India,Patna
India,Panaji
India,Nueva Delhi
India,Meerut
India,Mangalore
India,Madurai
India,Madrás
India,Lucknow
India,Kapurthala
India,Kanpur
India,Jaipur
India,Hyderabad
India,Durgapur
India,Delhi
India,Damán
India,Cochín
India,Chandigarh
India,Cananor
India,Calcuta
India,Bombay
India,Bhopal
India,Bathinda
India,Bangalore
India,Amritsar
India,Álvaro
India,Alappuzha
India,Allahabad
India,Ajmer
India,Ahmedabad
India,Agra
China,Lhasa
China,Kasgar
Maldivas,Malé
Nepal,Patan
Nepal,Katmandú
Nepal,Biratnagar
Myanmar [Birmania],Rangún
Myanmar [Birmania],Mandalay
Rusia,Ekaterinburgo
Rusia,Vorkutá
Rusia,Tiumén
Rusia,Tomsk
Rusia,Tavdá
Rusia,Tarko-Salé
Rusia,Slávgorod
Rusia,Šarypovo
Rusia,Salejard
Rusia,Omsk
Rusia,Novosibirsk
Rusia,Nizhnevártovsk
Rusia,Nizhneúdinsk
Rusia,Minusinsk
Rusia,Mezhduréchensk
Rusia,Léninsk-Kuznetski
Rusia,Labytnangui
Rusia,Kyzyl
Rusia,Kúibyshev
Rusia,Kurgán
Rusia,Janty-Mansisk
Rusia,Kémerovo
Rusia,Intá
Rusia,Cheliábinsk
Rusia,Belokúrija
Rusia,Barnaúl
Rusia,Alapaevsk
Rusia,Áchinsk
Rusia,Abazá
Rusia,Abakán
Uzbekistán,Taskent
Uzbekistán,Jiva
Uzbekistán,Djizaks
Uzbekistán,Ferganá
Tayikistán,Khodjent
Kazajstán,Kostanái
Kazajstán,Astaná
Kazajstán,Almatý
Kirguistán,Balikci
Kirguistán,Karakol
Kirguistán,Biskek
Kirguistán,Batken
China,Ürümqi
Vietnam,Vung Tau
Vietnam,Ciudad Ho Chi Minh
Vietnam,Nha Trang
Vietnam,Hué
Vietnam,Hanói
Vietnam,Điện Biên Phủ
Vietnam,Da Nang
Vietnam,Can Tho
Tailandia,Ayutthaya
Tailandia,Bangkok
Indonesia,Makassar
Indonesia,Ternate
Indonesia,Bandar Lampung
Indonesia,Tangerang
Indonesia,Surabaya
Indonesia,Mataram
Indonesia,Kendari
Indonesia,Yakarta
Timor Oriental,Dili
Indonesia,Denpasar
Indonesia,Bukittinggi
Timor Oriental,Baucau
Laos,Vientiane
Taiwán,Taipéi
Taiwán,Ciudad de Yilan
Filipinas,Urdaneta de Pangasinán
Filipinas,Taúm
Filipinas,Tacloban
Filipinas,San José del Monte
Filipinas,San José de Casignan
Filipinas,Sámal
Filipinas,Olóngapo
Filipinas,Rodríguez
Filipinas,México
Filipinas,Manila
Filipinas,Don Carlos de Maramag
Filipinas,Dipólog
Filipinas,Dagupán
Filipinas,Calambá
Filipinas,Cagayán de Oro
Filipinas,Cádiz
Filipinas,Cabúyao
Filipinas,Cabanatúan
Filipinas,Balíuag
Filipinas,Bacólod
Malasia,Malaca
Malasia,George Town
Malasia,Kuala Lumpur
China,Zhengzhou
China,Yichang
China,Yantái
China,Xining
China,Xi'an
China,Xiamen
China,Wuxi
China,Wuhan
China,Weihai
China,Tianjín
China,Shenzhen
China,Shanghai
China,Qingdao
China,Ningbó
China,Nanning
China,Nankín
China,Nanchang
China,Luoyang
China,Lanzhou
China,Kunming
China,Kaifeng
China,Jinan
China,Hefei
China,Hangzhou
China,Haikou
China,Guiyang
China,Guilin
China,Cantón
China,Fuzhou
China,Dali
China,Chongqing
China,Chengdú
China,Changzhou
China,Changsha
China,Pekín
China,Báoding
Hong Kong,Hong Kong
Brunéi,Bandar Seri Begawan
Macao,Macao
Camboya,Nom Pen
Camboya,Ciudad de Pailín
Camboya,Ciudad de Sihanoukville
Camboya,Ciudad de Battambang
Corea del Sur,Daejeon
Corea del Sur,Daegu
Corea del Sur,Suwon
Corea del Sur,Seúl
Corea del Sur,Busán
Corea del Sur,Nonsan
Corea del Sur,Inchon
Corea del Sur,Jeju
Corea del Sur,Changwon
Japón,Yonago
Japón,Yokohama
Japón,Tsu
Japón,Tokio
Japón,Tokushima
Japón,Takatsuki
Japón,Takamatsu
Japón,Suzuka
Japón,Shizuoka
Japón,Sendai
Japón,Sakata
Japón,Sakai
Japón,Saga
Japón,Ōtsu
Japón,Osaka
Japón,Nishinomiya
Japón,Nikkō
Japón,Nara
Japón,Naha
Japón,Nagoya
Japón,Nagasaki
Japón,Musashino
Japón,Minamata
Japón,Kioto
Japón,Kumamoto
Japón,Koshigaya
Japón,Kōbe
Japón,Kitakyūshū
Japón,Kawasaki
Japón,Kawaguchi
Japón,Kasukabe
Japón,Kanazawa
Japón,Kamakura
Japón,Kagoshima
Japón,Kadoma
Japón,Itami
Japón,Hiroshima
Japón,Handa
Japón,Hamamatsu
Japón,Gobo
Japón,Fukuoka
Japón,Anjō
Japón,Ageo
Singapur,Singapur
China,Suzhou
Japón,Hasuda
Japón,Asaka
Japón,Matsuyama
Timor Oriental,Gleno
Rusia,Vladivostok
Rusia,Ulán-Udé
Rusia,Udachni
Rusia,Tulún
Rusia,Shélejov
Rusia,Najodka
Rusia,Komsomolsk del Amur
Rusia,Jabárovsk
Rusia,Irkutsk
Rusia,Chitá
Rusia,Blagovéshchensk
Rusia,Birobidzhán
Mongolia,Ulán Bator
China,Shenyang
China,Mudanjiang
China,Ciudad de Jilin
China,Hohhot
China,Harbin
China,Datong
Indonesia,Kupang
Australia,Puerto Augusta
Australia,Perth
Australia,Mount Isa
Australia,Darwin
Australia,Alice Springs
Australia,Adelaida
Isla Christmas,Flying Fish Cove
Papúa-Nueva Guinea,Puerto Moresby
Islas Salomón,Honiara
Tuvalu,Fongafale (atolón de Funafuti)
Japón,Chiba
Japón,Akita
Rusia,Yuzhno-Sajalinsk
Rusia,Petropávlovsk-Kamchatski
Rusia,Magadán
Rusia,Anádyr
Japón,Sapporo
Japón,Otaru
Japón,Odate
Japón,Noshiro
Japón,Nemuro
Japón,Nakashibetsu
Japón,Hakodate
Japón,Aomori
Vanuatu,Port Vila
Nueva Caledonia,Numea
Australia,Traralgon
Australia,Townsville
Australia,Sídney
Australia,Newcastle
Australia,Melbourne
Isla Norfolk,Kingston
Australia,Costa Dorada
Australia,Devonport
Australia,Wollongong
Australia,Canberra
Australia,Cairns
Australia,Brisbane
Nueva Zelanda,Wellington
Nueva Zelanda,Palmerston Norte
Nueva Zelanda,Nueva Plymouth
Nueva Zelanda,Lago Tekapo
Nueva Zelanda,Invercargill
Nueva Zelanda,Hamilton
Nueva Zelanda,Dunedin
Nueva Zelanda,Christchurch
Fiyi,Suva
Nueva Zelanda,Tauranga
Libia,Trípoli
Libia,Sirte
Libia,Gadamés
Camerún,Yaundé
Camerún,Duala
Angola,Luanda
Senegal,Ziguinchor
Senegal,Saint Louis
Senegal,Dakar
Congo [República],Pointe-Noire
Congo [República],Brazzaville
Portugal,Vila Real de Santo António
Portugal,Tavira
Portugal,Sintra
Portugal,Silves
Portugal,Setúbal
Portugal,Santarém
Portugal,Santa Cruz
Portugal,Porto Moniz
Portugal,Ponta do Sol
Portugal,Peniche
Portugal,Palmela
Portugal,Santa Maria dos Olivais
Portugal,Odivelas
Portugal,Nazaré
Portugal,Machico
Portugal,Lourinhã
Portugal,Loures
Portugal,Lisboa
Portugal,Leiria
Portugal,Funchal
Portugal,Faro
Portugal,Estoril
Portugal,Cascais
Portugal,Câmara de Lobos
Portugal,Calheta
Portugal,Bombarral
Portugal,Batalha
Portugal,Barreiro
Portugal,Amadora
Portugal,Almada
Portugal,Albufeira
Portugal,Abrantes
Liberia,Monrovia
Costa de Marfil,Yamusukro
Costa de Marfil,San Pedro
Costa de Marfil,Abiyán
Ghana,Kumasi
Ghana,Acra
Guinea Ecuatorial,San Antonio de Palé
Guinea Ecuatorial,Ciudad de Malabo
Guinea Ecuatorial,Bata
Congo Democrático,Kinsasa
Nigeria,Port Harcourt
Nigeria,Lagos
Nigeria,Kano
Nigeria,Ibadán
Nigeria,Ciudad de Benín
Nigeria,Abuja
Nigeria,Abeokuta
Nigeria,Aba
Burkina Faso,Uagadugú
Burkina Faso,Bobo-Dioulasso
Burkina Faso,Banfora
Togo,Lomé
Guinea-Bissáu,Bissau
Mauritania,Rosso
Mauritania,Nuakchot
Mauritania,Kifa
Mauritania,Kaédi
República Centroafricana,Berbérati
República Centroafricana,Bangui
Benín,Porto Novo
Benín,Parakou
Benín,Ouidah
Benín,Kandi
Benín,Djougou
Benín,Cotonú
Benín,Bohicon
Gabón,Libreville
Gabón,Franceville
Sierra Leona,Freetown
Santo Tomé y Príncipe,Santo Tomé
Gibraltar,Gibraltar
Gambia,Banjul
Guinea,Conakry
Chad,Sarh
Chad,Yamena
Níger,Niamey
Mali,Tombuctú
Mali,Taoudeni
Mali,Kayes
Mali,Bamako
Sáhara Occidental,Playa del Aaiun
Grecia,Corfú
Túnez,Túnez
Túnez,Bizerta
Túnez,Kairuán
Túnez,Monastir
Túnez,Hammamet
Argelia,Tremecén
Argelia,Tipasa
Argelia,Tinduf
Argelia,Tébessa
Argelia,Skikda
Argelia,Sidi Bel Abbes
Argelia,Orán
Argelia,Mostaganem
Argelia,Muaskar
Argelia,Guelma
Argelia,Djelfa
Argelia,Blida
Argelia,Biskra
Argelia,Bugía
Argelia,Béchar
Argelia,Batna
Argelia,Annaba
Argelia,Argel
España,La Zubia
España,Yecla
España,Yátova
España,Yaiza
España,Vinalesa
España,Villena
España,Villavieja
España,Villarrobledo
España,Villargordo del Cabriel
España,Villar del Arzobispo
España,Villanueva de Castellón
España,Villamarchante
España,Villaluenga del Rosario
España,Villalonga
España,Villajoyosa
España,Vilafranca de Bonany
España,Villacarlos
España,El Verger
España,Vélez-Málaga
España,Vejer de la Frontera
España,Valsequillo de Gran Canaria
España,Valleseco
España,Vallés
España,Vallada
España,Valencia
España,Utiel
España,Ubrique
España,Úbeda
España,Turís
España,Trujillo
España,Trebujena
España,Tous
España,Torrevieja
España,Torrente
España,Torremolinos
España,Torremanzanas
España,Torre de la Horadada
España,Tormos
España,Toledo
España,Tibi
España,Teror
España,Teresa de Cofrentes
España,Telde
España,Teguise
España,Tegueste
España,Tarifa
España,Tacoronte
España,Tabernes de Valldigna
España,Tabernes Blanques
España,Sueca
España,Son Servera
España,Sóller
España,Silla
España,Siete Aguas
España,Sevilla
España,Serra
España,Segorbe
España,Sedaví
España,El Sauzal
España,s'Arracó
España,San Vicente
España,Santa Úrsula
España,Santa Pola
España,Santanyí
España,Santa Eulalia del Río
España,Santa Cruz de Tenerife
España,Santa Cruz de La Palma
España,San Sebastián de La Gomera
España,San Miguel de Salinas
España,San Miguel De Abona
España,San Luis
España,Sanlúcar de Barrameda
España,San Juan de la Rambla
España,San Juan de Alicante
España,Sant Joan
España,San Jose de la Atalaya
España,San Javier
España,Sant Francesc de Formentera
España,San Fernando
España,Sanet y Negrals
España,San Cristóbal de La Laguna
España,Sencelles
España,San Bartolomé de Tirajana
España,San Bartolomé
España,San Antonio
España,Salobreña
España,Sagunto
España,Rute
España,Rota
España,Roquetas de Mar
España,Ronda
España,Rojales
España,Rocafort
España,Riola
España,Ribarroja
España,Requena
España,Redován
España,Ráfol de Almúnia
España,Rafelguaraf
España,Rafelcofer
España,Puzol
España,Pulpí
España,Puigpunyent
España,Puig
España,Puerto Real
España,Puertollano
España,Puerto de la Cruz
España,Port d'Andratx
España,Prado del Rey
España,Porto Cristo
España,Portocolom
España,Porreras
España,Polop
España,Pollença
España,Playa Blanca
España,Pinoso
España,Piles
España,Pilar de la Horadada
España,Picasent
España,Picaña
España,Petrés
España,Petrel
España,Petra
España,Pedreguer
España,Pedralba
España,Paterna de Rivera
España,Paterna
España,Palos de la Frontera
España,Palma
España,Paiporta
España,Orihuela
España,Orba
España,Onteniente
España,Onil
España,Ondara
España,Olvera
España,Olocau
España,Ollería
España,Oliva
España,Novelda
España,Nerja
España,Náquera
España,Museros
España,Muro de Alcoy
España,Muro
España,Murcia
España,Muchamiel
España,Moya
España,Motril
España,Moscari
España,Morro Jable
España,Morón de la Frontera
España,Moratalla
España,Montuïri
España,Montroy
España,Montilla
España,Monóvar
España,Monforte del Cid
España,Moncofar
España,Moncada
España,Mojácar
España,Moguer
España,Mogán
España,Mislata
España,Millares
España,Mijas
España,Mérida
España,Melilla
España,Meliana
España,Medina-Sidonia
España,Mazarrón
España,Masalavés
España,Marratxí
España,Marchena
España,Marbella
España,Manises
España,Manacor
España,Málaga
España,Aljarafe
España,Maó
España,Lumbreras
España,Los Silos
España,Lorca
España,Llucmajor
España,Lloseta
España,Llosa de Ranes
España,Lloret de Vistalegre
España,Llombay
España,Llanera de Ranes
España,Liria
España,Linares
España,Lepe
España,Lebrija
España,La Victoria de Acentejo
España,La Unión
España,Las Palmas de Gran Canaria
España,sa Pobla
España,Orotava
España,La Matanza de Acentejo
España,La Línea de la Concepción
España,La Guancha
España,La Eliana
España,Jimena de la Frontera
España,Jijona
España,Jerez de los Caballeros
España,Jerez
España,Jeresa
España,Jávea
España,Játiva
España,Jaén
España,Jabugo
España,Ingenio
España,Inca
España,Icod de los Vinos
España,Ibiza
España,Ibi
España,Huércal Overa
España,Huelva
España,Hondón de las Nieves
España,Guardamar del Segura
España,Guadasuar
España,Granja de Rocamora
España,Granadilla de Abona
España,Granada
España,Godella
España,Gines
España,Gibraleón
España,Gata de Gorgos
España,Garachico
España,Gandía
España,Gáldar
España,Fuengirola
España,Foyos
España,Formentera del Segura
España,Firgas
España,Finestrat
España,Ferrerias
España,Fernán Núñez
España,Felanitx
España,Favara
España,Faura
España,Fasnia
España,Estivella
España,Estepona
España,Esporles
España,Enguera
España,Puerto de Santa María
España,Puerto de Sagunto
España,El Ejido
España,Elda
España,Elche
España,El Arenal
España,Écija
España,Dos Hermanas
España,Dolores
España,Denia
España,Cullera
España,Cuartell
España,Crevillente
España,Cox
España,Corvera
España,Coria del Río
España,Córdoba
España,Consell
España,Conil
España,Colònia de Sant Pere
España,Cofrentes
España,Cocentaina
España,Ciudad Real
España,Chiva
España,Chipiona
España,Chilches
España,Chiclana
España,Cheste
España,Cehegín
España,Caudete de las Fuentes
España,Catral
España,Catarroja
España,Castellón de la Plana
España,Castellar de la Frontera
España,Castalla
España,Cartagena
España,Carrizal de Ingenio
España,Carmona
España,Carlet
España,Cárdenas
España,Cárcer
España,Carcagente
España,Can Picafort
España,Canet de Berenguer
España,Candelaria
España,Canals
España,Campos
España,Campello
España,Calvià
España,Calpe
España,Calonge
España,Callosa de Segura
España,Calasparra
España,Cala Rajada
España,Cala Millor
España,Cádiz
España,Cáceres
España,Busot
España,Burriana
España,Bunyola
España,Buñol
España,Bullas
España,Búger
España,Bugarra
España,Buenavista del Norte
España,Bocairente
España,Binissalem
España,Bigastro
España,Biar
España,Bétera
España,Benisanó
España,Benissa
España,Beniparrell
España,Benimuslem
España,Benimodo
España,Benimeli
España,Benimamet
España,Benijófar
España,Benigánim
España,Benifayó
España,Benifairó de les Valls
España,Benidorm
España,Benidoleig
España,Benicolet
España,Beniarjó
España,Beniarbeig
España,Benferri
España,Benejúzar
España,Benejama
España,Benegida
España,Benavites
España,Benaocaz
España,Benalmádena
España,Benaguacil
España,Benagéber
España,Bellreguart
España,Bechi
España,Baza
España,Barbate
España,Baeza
España,Badajoz
España,Ayora
España,Ayelo de Malferit
España,Ayamonte
España,Aspe
España,Arucas
España,Artà
España,Arrecife
España,Arona
España,Arico
España,Arcos de la Frontera
España,Arafo
España,Aracena
España,Antequera
España,Andratx
España,Altea
España,Alquería de la Condesa
España,Almusafes
España,Almuñécar
España,Almoradí
España,Almonte
España,Almiserat
España,Almería
España,Almendralejo
España,Almazora
España,Almansa
España,Almadén
España,Alicante
España,Algueña
España,Algorfa
España,Alginet
España,Algemesí
España,Algeciras
España,Algaida
España,Alfondeguilla
España,Alfarrasí
España,Alfarp
España,Alfara del Patriarca
España,Alfafara
España,Alfafar
España,Aldaya
España,Alcudia de Crespins
España,Alcúdia
España,Alcoy
España,Alcira
España,Alcalá de los Gazules
España,Alcalá de Guadaíra
España,Albuixech
España,Alboraya
España,Alborache
España,Alberique
España,Albatera
España,Albalat de Taronchers
España,Albalat dels Sorells
España,Albalat de la Ribera
España,Albal
España,Albaida
España,Albacete
España,Alayor
España,Alaró
España,Alacuás
España,Agullent
España,Agüimes
España,Águilas
España,Agost
España,Ador
España,Adeje
Italia,Villarosa
Italia,Vibo Valentia
Italia,Tropea
Italia,Trapani
Italia,Taormina
Italia,Sommatino
Italia,Siracusa
Italia,Sanluri
Italia,San Cataldo
Italia,Riesi
Italia,Regio de Calabria
Italia,Prizzi
Italia,Porto Empedocle
Italia,Petrosino
Italia,Paula
Italia,Pantelaria
Italia,Palermo
Italia,Palazzolo Acreide
Italia,Oristano
Italia,Oliveri
Italia,Noto
Italia,Niscemi
Italia,Mussomeli
Italia,Morano Calabro
Italia,Montedoro
Italia,Montalto Uffugo
Italia,Monreale
Italia,Modica
Italia,Milena
Italia,Messina
Italia,Mazzarino
Italia,Marsala
Italia,Gela
Italia,Gangi
Italia,Erice
Italia,Enna
Italia,Delia
Italia,Crotona
Italia,Cosenza
Italia,Corleone
Italia,Cefalú
Italia,Catanzaro
Italia,Catania
Italia,Carini
Italia,Capo d'Orlando
Italia,Campofranco
Italia,Caltanissetta
Italia,Caltagirone
Italia,Calatabiano
Italia,Cagliari
Italia,Bronte
Italia,Biancavilla
Italia,Belpasso
Italia,Bagheria
Italia,Augusta
Italia,Alimena
Italia,Agrigento
Italia,Agira
Italia,Acquaviva Platani
Italia,Aci Sant'Antonio
Italia,Aci Catena
Italia,Aci Castello
Italia,Aci Bonaccorsi
Marruecos,Tetuán
Marruecos,Tánger
Marruecos,Sidi Ifni
Marruecos,Salé
Marruecos,Safí
Marruecos,Rabat
Marruecos,Oujda
Marruecos,Nador
Marruecos,Marrakech
Marruecos,Larache
Marruecos,Kenitra
Marruecos,Fez
Marruecos,Esauira
Marruecos,El-Yadida
Marruecos,Casablanca
Marruecos,Berkan
Marruecos,Beni Melal
Marruecos,Arcila
Marruecos,Villa Alhucemas
Marruecos,Agadir
Malta,Valletta
Malta,San Julián
Malta,Mdina
Malta,Gzira
Malta,Floriana
Malta,Birgu
Malta,Birżebbuġa
Malta,Birkirkara
Malta,Balzan
Malta,Attard
España,Punta Umbría
Islas Feroe,Tórshavn
Dinamarca,Skagen
Dinamarca,Roskilde
Dinamarca,Ribe
Dinamarca,Odense
Dinamarca,Copenhague
Dinamarca,Elsinor
Dinamarca,Bramming
Dinamarca,Århus
Dinamarca,Aalborg
Dinamarca,Abenrá
Islandia,Seyðisfjörður
Islandia,Húsavík
Islandia,Egilsstaðir
Islandia,Akureyri
Reino Unido,York
Reino Unido,Worcester
Reino Unido,Woking
Reino Unido,Windsor
Reino Unido,Winchester
Reino Unido,Wimbledon
Reino Unido,Wigan
Reino Unido,Warwick
Reino Unido,Municipio de Wandsworth
Reino Unido,Walsall
Reino Unido,Wakefield
Reino Unido,Ullapool
Reino Unido,Truro
Reino Unido,Torquay
Reino Unido,Swansea
Reino Unido,Stratford-upon-Avon
Reino Unido,Stirling
Reino Unido,Southampton
Reino Unido,Slough
Reino Unido,Shrewsbury
Reino Unido,Sheffield
Reino Unido,Scarborough
Reino Unido,Salisbury
Reino Unido,St. Helens
Reino Unido,St Albans
Reino Unido,Reading
Reino Unido,Preston
Reino Unido,Puerto Talbot
Reino Unido,Portsmouth
Reino Unido,Plymouth
Reino Unido,Peterborough
Reino Unido,Penzance
Reino Unido,Oxford
Reino Unido,Oldham
Reino Unido,Nottingham
Reino Unido,Northampton
Reino Unido,Newcastle-upon-Tyne
Reino Unido,Mánchester
Reino Unido,Maidstone
Reino Unido,Derry
Reino Unido,City de Londres
Reino Unido,Londres
Reino Unido,Llanfairpwllgwyngyllgogerychwyrndrobwllllantysiliogogogoch
Reino Unido,Liverpool
Reino Unido,Lincoln
Reino Unido,Leicester
Reino Unido,Leeds
Reino Unido,Kirkwall
Reino Unido,Inverness
Reino Unido,Hemel Hempstead
Reino Unido,Hastings
Reino Unido,Guildford
Reino Unido,Barrio de Greenwich
Reino Unido,Gloucester
Reino Unido,Glasgow
Reino Unido,Gateshead
Reino Unido,Folkestone
Reino Unido,Falmouth
Reino Unido,Edimburgo
Reino Unido,Barrio de Ealing
Reino Unido,Dunstable
Reino Unido,Dunfermline
Reino Unido,Dundee
Reino Unido,Dover
Reino Unido,Coventry
Reino Unido,Barrio de Covent Garden
Reino Unido,Chester
Reino Unido,Cheltenham
Reino Unido,Chelmsford
Reino Unido,Carlisle
Reino Unido,Canterbury
Reino Unido,Cambridge
Reino Unido,Brístol
Reino Unido,Brighton
Reino Unido,Bridgend County Borough
Reino Unido,Brewood and Coven
Reino Unido,Bournemouth
Reino Unido,Bolton
Reino Unido,Blackpool
Reino Unido,Bishop’s Stortford
Reino Unido,Birmingham
Reino Unido,Berwick-upon-Tweed
Reino Unido,Belfast
Reino Unido,Bedford
Reino Unido,Bath
Reino Unido,Basildon
Reino Unido,Municipio de Barnet
Reino Unido,Ayr
Reino Unido,Aberystwyth
Reino Unido,Aberdeen
Suiza,Zweisimmen
Suiza,Zúrich
Suiza,Zug
Suiza,Zermatt
Suiza,Wolfenschiessen
Suiza,Winterthur
Suiza,Wilderswil
Suiza,Wengi bei Büren
Suiza,Weggis
Suiza,Wattenwil
Suiza,Walzenhausen
Suiza,Waldstatt
Suiza,Villeneuve
Suiza,Vevey
Suiza,Uttigen
Suiza,Urnäsch
Suiza,Unterseen
Suiza,Uetendorf
Suiza,Trogen
Suiza,Toffen
Suiza,Thundorf
Suiza,Thun
Suiza,Thierachern
Suiza,Teufen
Suiza,Suhr
Suiza,Steffisburg
Suiza,Stansstad
Suiza,Stans
Suiza,Spiez
Suiza,Speicher
Suiza,Soleura
Suiza,Sion
Suiza,Sigriswil
Suiza,Seftigen
Suiza,Schwellbrunn
Suiza,Schwanden
Suiza,Schönengrund
Suiza,Schaffhausen
Suiza,Sarnen
Suiza,Sankt Moritz
Suiza,San Galo
Suiza,San Mauricio
Suiza,Saint-Imier
Suiza,Sachseln
Suiza,Saanen
Suiza,Rüti
Suiza,Rupperswil
Suiza,Ringgenberg
Suiza,Riggisberg
Suiza,Rehetobel
Suiza,Raroña
Suiza,Olten
Suiza,Oberegg
Suiza,Oberdorf
Suiza,Oberbalm
Suiza,Murten
Suiza,Muri bei Bern
Suiza,Murgenthal
Suiza,Mühlethurnen
Suiza,Moutier
Suiza,Montreux
Suiza,Mendrisio
Suiza,Mels
Suiza,Meiringen
Suiza,Lyss
Suiza,Lucerna
Suiza,Lützelflüh
Suiza,Lungern
Suiza,Lugano
Suiza,Lengnau bei Biel
Suiza,Leissigen
Suiza,Lauterbrunnen
Suiza,Lausana
Suiza,Laupen
Suiza,Küttigen
Suiza,Küssnacht am Rigi
Suiza,Konolfingen
Suiza,Köniz
Suiza,Kirchdorf
Suiza,Kiesen
Suiza,Kerns
Suiza,Kehrsatz
Suiza,Kappelen
Suiza,Kallnach
Suiza,Entrelagos
Suiza,Innertkirchen
Suiza,Huttwil
Suiza,Hilterfingen
Suiza,Herisau
Suiza,Hergiswil
Suiza,Heimberg
Suiza,Heiden
Suiza,Grossaffoltern
Suiza,Grindelwald
Suiza,Gonten
Suiza,Gondiswil
Suiza,Glaris
Suiza,Giswil
Suiza,Gerzensee
Suiza,Ginebra
Suiza,Gais
Suiza,Friburgo
Suiza,Flims
Suiza,Erlenbach im Simmental
Suiza,Ennetbürgen
Suiza,Engelberg
Suiza,Düdingen
Suiza,Dallenwil
Suiza,Coira
Suiza,Burgistein
Suiza,Burgdorf
Suiza,Buochs
Suiza,Bühler
Suiza,Buchs
Suiza,Brisa
Suiza,Brig
Suiza,Braunwald
Suiza,Biel-Bienne
Suiza,Berna
Suiza,Belp
Suiza,Bellinzona
Suiza,Beckenried
Suiza,Basilea
Suiza,Arzier-Le Muids
Suiza,Arosa
Suiza,Andermatt
Suiza,Altdorf
Suiza,Alpnach
Suiza,Aarwangen
Suiza,Aarberg
Suiza,Aarau
Suecia,Visby
Suecia,Varberg
Suecia,Upsala
Suecia,Grabados rupestres de Tanum
Suecia,Sundsvall
Suecia,Estocolmo
Suecia,Gamla Stan
Suecia,Sorsele
Suecia,Skövde
Suecia,Simrishamn
Suecia,Sigtuna
Suecia,Östersund
Suecia,Malmö
Suecia,Lund
Suecia,Landskrona
Suecia,Kristianstad
Suecia,Karlstad
Suecia,Karlskrona
Suecia,Huskvarna
Suecia,Helsingborg
Suecia,Halmstad
Suecia,Gotemburgo
Suecia,Gävle
Suecia,Falun
Suecia,Falkenberg
Suecia,Borlänge
Suecia,Ängelholm
Svalbard y Jan Mayen,Longyearbyen
Portugal,Vila Real
Portugal,Vila Nova de Gaia
Portugal,Vila do Conde
Portugal,Valongo
Portugal,Póvoa de Varzim
Portugal,Oporto
Portugal,Penela
Portugal,Penafiel
Portugal,Paços de Ferreira
Portugal,Oliveira do Hospital
Portugal,Oliveira de Azeméis
Portugal,Montemor-o-Velho
Portugal,Monção
Portugal,Miranda del Duero
Portugal,Miranda do Corvo
Portugal,Melgaço
Portugal,Marco de Canaveses
Portugal,Maia
Portugal,Lousã
Portugal,Guimarães
Portugal,Guarda
Portugal,Góis
Portugal,Figueira da Foz
Portugal,Felgueiras
Portugal,Espinho
Portugal,Condeixa-a-Nova
Portugal,Coímbra
Portugal,Braga
Portugal,Baião
Portugal,Aveiro
Portugal,Arcos de Valdevez
Holanda,Zwolle
Holanda,Zutphen
Holanda,Zuidlaren
Holanda,Wijchen
Holanda,Wageningen
Holanda,Flesinga
Holanda,Veghel
Holanda,Utrecht
Holanda,Urk
Holanda,Uden
Holanda,Tilburgo
Holanda,Son en Breugel
Holanda,Slochteren
Holanda,Bolduque
Holanda,La Haya
Holanda,Aeropuerto de Ámsterdam-Schiphol
Holanda,Scheveningen
Holanda,Rotterdam
Holanda,Rhenen
Holanda,Renkum
Holanda,Nimega
Holanda,Naarden
Holanda,Middelburg
Holanda,Marum
Holanda,Maastricht
Holanda,Lelystad
Holanda,Leiden
Holanda,Leeuwarden
Holanda,Kerkrade
Holanda,Hoorn
Holanda,Hoek van Holland
Holanda,Haarlem
Holanda,Linden
Holanda,Groninga
Holanda,Groesbeek
Holanda,Grave
Holanda,Gouda
Holanda,Gorcum
Holanda,Enschede
Holanda,Enkhuizen
Holanda,Emmen
Holanda,Eindhoven
Holanda,Dordrecht
Holanda,Doetinchem
Holanda,Den Helder
Holanda,Delft
Holanda,Coevorden
Holanda,Capelle aan den Ijssel
Holanda,Breda
Holanda,Boxmeer
Holanda,Borsele
Holanda,Borne
Holanda,Best
Holanda,Baarn
Holanda,Baarle-Nassau
Holanda,Assen
Holanda,Bob van Asperen
Holanda,Arnhem
Holanda,Ámsterdam
Holanda,Amstelveen
Holanda,Alkmaar
Austria,Viena
Austria,Wels
Austria,Villach
Austria,Scheffau
Austria,Salzburgo
Austria,Saafelden
Austria,Obertrum
Austria,Lustenau
Austria,Linz
Austria,Klagenfurt
Austria,Kitzbühel
Austria,Kirchdorf
Austria,Kirchberg
Austria,Keutschach
Austria,Innsbruck
Austria,Graz
Austria,Feldkirch
Austria,Eisenstadt
Austria,Dornbirn
Austria,Bregenz
Austria,Braunau am Inn
Austria,Ansfelden
Bélgica,Zwevegem
Bélgica,Zuienkerke
Bélgica,Zonnebeke
Bélgica,Zolder
Bélgica,Yvoir
Bélgica,Woluwe-Saint-Pierre
Bélgica,Woluwe-Saint-Lambert
Bélgica,Wevelgem
Bélgica,Watermael-Boitsfort
Bélgica,Waterloo
Bélgica,Walcourt
Bélgica,Uccle
Bélgica,Tessenderlo
Bélgica,Tervuren
Bélgica,Sombreffe
Bélgica,Sint Katelijne Waver
Bélgica,Schaarbeek
Bélgica,Saint-Josse-ten-Noode
Bélgica,Saint-Gilles
Bélgica,Roeselare
Bélgica,Ostende
Bélgica,Nieuwpoort
Bélgica,Neerpelt
Bélgica,Namur
Bélgica,Mons
Bélgica,Molenbeek-Saint-Jean
Bélgica,Mol
Bélgica,Mettet
Bélgica,Menen
Bélgica,Malinas
Bélgica,Lieja
Bélgica,Lovaina
Bélgica,Lendelede
Bélgica,Kuurne
Bélgica,Courtrai
Bélgica,Knokke-Heist
Bélgica,Jette
Bélgica,Jabbeke
Bélgica,Izegem
Bélgica,Ixelles
Bélgica,Ypres
Bélgica,Huy
Bélgica,Houthulst
Bélgica,Hooglede
Bélgica,Hasselt
Bélgica,Gistel
Bélgica,Gante
Bélgica,Gembloux
Bélgica,Ganshoren
Bélgica,Forest
Bélgica,Evere
Bélgica,Eupen
Bélgica,Etterbeek
Bélgica,Dinant
Bélgica,De Panne
Bélgica,Dentergem
Bélgica,De Haan
Bélgica,Couvin
Bélgica,Ciney
Bélgica,Charleroi
Bélgica,Bruselas
Bélgica,Brujas
Bélgica,Bredene
Bélgica,Blankenberge
Bélgica,Bièvre
Bélgica,Beveren
Bélgica,Berchem-Sainte-Agathe
Bélgica,Beernem
Bélgica,Beauraing
Bélgica,Bastoña
Bélgica,Baarle-Hertog
Bélgica,Avelgem
Bélgica,Auderghem
Bélgica,Assesse
Bélgica,Anzegem
Bélgica,Amberes
Bélgica,Anhée
Bélgica,Anderlecht
Bélgica,Andenne
Bélgica,Alveringem
Alemania,Zwickau
Alemania,Dos Puentes
Alemania,Zell en el Valle del Wiese
Alemania,Wurzburgo
Alemania,Wuppertal
Alemania,Worms
Alemania,Wolgast
Alemania,Wolfsburgo
Alemania,Witten
Alemania,Wismar
Alemania,Wiesbaden
Alemania,Wetzlar
Alemania,Werle
Alemania,Weissenburg
Alemania,Weinsberg
Alemania,Weimar
Alemania,Walldorf
Alemania,Villingen-Schwenningen
Alemania,Uslar
Alemania,Ulm
Alemania,Tubinga
Alemania,Tréveris
Alemania,Traunstein
Alemania,Torgau
Alemania,Stuttgart
Alemania,Stralsund
Alemania,Stade
Alemania,Espira
Alemania,Solingen
Alemania,Sigmaringa
Alemania,Schwerin
Alemania,Schweinfurt
Alemania,Schwäbisch Hall
Alemania,Schönau en la Selva Negra
Alemania,Esmalcalda
Alemania,Sassnitz
Alemania,San Blasien
Alemania,Saarlouis
Alemania,Sarrebruck
Alemania,Rüsselsheim am Main
Alemania,Rottweil
Alemania,Rostock
Alemania,Rosenheim
Alemania,Rheine
Alemania,Reutlingen
Alemania,Remscheid
Alemania,Ratisbona
Alemania,Ratzeburgo
Alemania,Ramstein
Alemania,Radolfzell am Bodensee
Alemania,Quedlinburg
Alemania,Potsdam
Alemania,Philippsburg
Alemania,Pforzheim
Alemania,Passau
Alemania,Papenburgo
Alemania,Paderborn
Alemania,Osnabrück
Alemania,Oldenburg
Alemania,Oberhausen
Alemania,Nuremberg
Alemania,Nördlingen
Alemania,Nuevo Ulm
Alemania,Neuss
Alemania,Brandeburgo Oriental
Alemania,Neuenburg del Rin
Alemania,Nuevo Brandeburgo
Alemania,Naumburgo
Alemania,Münster
Alemania,Múnich
Alemania,Mülheim an der Ruhr
Alemania,Mühlhausen
Alemania,Mönchengladbach
Alemania,Messkirch
Alemania,Memmingen
Alemania,Meißen
Alemania,Meiningen
Alemania,Marburgo
Alemania,Marbach de Neckar
Alemania,Mannheim
Alemania,Maguncia
Alemania,Magdeburgo
Alemania,Luneburgo
Alemania,Ludwigshafen
Alemania,Luisburgo
Alemania,Lubeca
Alemania,Lorsch
Alemania,Lippstadt
Alemania,Lingen
Alemania,Lindau
Alemania,Limburgo del Lahn
Alemania,Leverkusen
Alemania,Leonberg
Alemania,Leipzig
Alemania,Leer
Alemania,Landshut
Alemania,Landsberg am Lech
Alemania,Krefeld
Alemania,Köthen
Alemania,Constanza
Alemania,Colonia
Alemania,Coblenza
Alemania,Cléveris
Alemania,Kiel
Alemania,Kerpen
Alemania,Kaufbeuren
Alemania,Kassel
Alemania,Karlsruhe
Alemania,Kaiserslautern
Alemania,Jena
Alemania,Iserlohn
Alemania,Ingolstadt
Alemania,Ilmenau
Alemania,Höxter
Alemania,Hof
Alemania,Herzogenaurach
Alemania,Herne
Alemania,Hemer
Alemania,Heilbronn
Alemania,Heidelberg
Alemania,Hanóver
Alemania,Hanau
Alemania,Hamm
Alemania,Hamelín
Alemania,Hamburgo
Alemania,Halle
Alemania,Halle
Alemania,Hagen
Alemania,Gütersloh
Alemania,Gunzburgo
Alemania,Grossschönau
Alemania,Greiz
Alemania,Greifswald
Alemania,Gotinga
Alemania,Gotha
Alemania,Goslar
Alemania,Görlitz
Alemania,Giessen
Alemania,Gera
Alemania,Gelsenkirchen
Alemania,Garmisch-Partenkirchen
Alemania,Füssen
Alemania,Furtwangen
Alemania,Fürth
Alemania,Fürstenfeldbruck
Alemania,Fulda
Alemania,Frisinga
Alemania,Friburgo de Brisgovia
Alemania,Freiberg
Alemania,Francfort
Alemania,Fráncfort del Óder
Alemania,Flensburgo
Alemania,Essen
Alemania,Eschwege
Alemania,Eschelbronn
Alemania,Erlangen
Alemania,Érfurt
Alemania,Emden
Alemania,Eisenach
Alemania,Düsseldorf
Alemania,Duisburgo
Alemania,Dresde
Alemania,Dortmund
Alemania,Donauwörth
Alemania,Dilinga
Alemania,Dessau
Alemania,Demmin
Alemania,Delmenhorst
Alemania,Darmstadt
Alemania,Dachau
Alemania,Cottbus
Alemania,Colditz
Alemania,Coburgo
Alemania,Chemnitz
Alemania,Calw
Alemania,Bruchsal
Alemania,Bremerhaven
Alemania,Bremen
Alemania,Brunswick
Alemania,Ciudad de Brandeburgo
Alemania,Bottrop
Alemania,Borkum
Alemania,Bochum
Alemania,Bitburgo
Alemania,Bielefeld
Alemania,Berlín
Alemania,Berchtesgaden
Alemania,Bayreuth
Alemania,Bautzen
Alemania,Bamberg
Alemania,Bad Kissingen
Alemania,Baden-Baden
Alemania,Bad Doberan
Alemania,Augsburgo
Alemania,Aschaffenburg
Alemania,Arnstadt
Alemania,Ansbach
Alemania,Anklam
Alemania,Amberg
Alemania,Altenburgo
Luxemburgo,Luxemburgo
Luxemburgo,Esch-sur-Alzette
Luxemburgo,Differdange
Luxemburgo,Diekirch
Luxemburgo,Beaufort
Irlanda,Wexford
Irlanda,Waterford
Irlanda,Tralee
Irlanda,Sligo
Irlanda,Nueva Ross
Irlanda,Limerick
Irlanda,Letterkenny
Irlanda,Kinsale
Irlanda,Killarney
Irlanda,Kilkenny
Irlanda,Howth
Irlanda,Galway
Irlanda,Dundalk
Irlanda,Dublín
Irlanda,Drogheda
Irlanda,Cork
Francia,Vitré
Francia,Vincennes
Francia,Milafranga
Francia,Villefranche sobre Saona
Francia,Villefranche-sur-Mer
Francia,Versalles
Francia,Vernet-les-Bains
Francia,Verdún
Francia,Vatan
Francia,Valence
Francia,Uztaritze
Francia,Ahurti
Francia,Urruña
Francia,Urketa
Francia,Uharte-Garazi
Francia,Tulle
Francia,Troyes
Francia,Tours
Francia,Toulouse
Francia,Tolón
Francia,Tonnay Charenta
Francia,Tarbes
Francia,Tarascón
Francia,Suresnes
Francia,Estrasburgo
Francia,Zuraide
Francia,Soissons
Francia,Sisteron
Francia,Sèvres
Francia,Sète
Francia,Schirmeck
Francia,Schiltigheim
Francia,Saverne
Francia,Sara
Francia,Samoëns
Francia,Samatze
Francia,Salins-les-Bains
Francia,San Yrieix sobre Charenta
Francia,Saint-Tropez
Francia,San Sebastián sobre Loira
Francia,Hiriburu
Francia,Senpere
Francia,St Paul de Vence
Francia,Donapaleu
Francia,Saint-Omer
Francia,Saint-Maur-des-Fossés
Francia,Saint-Malo
Francia,Donaixti-Ibarre
Francia,Saint-Jean-Pied-de-Port
Francia,San Juan de Luz
Francia,Saint-Germain-en-Laye
Francia,Baigorri
Francia,Saint-Étienne
Francia,Donostiri
Francia,Saint Emilion
Francia,Sainte-Foy-la-Grande
Francia,Saint-Denis
Francia,Saint-Cloud
Francia,Saint-Brieuc
Francia,Sable sobre Sarthe
Francia,Rosellón
Francia,Ruan
Francia,Rosheim
Francia,Rocabruna
Francia,Rocroi
Francia,Roanne
Francia,Rennes
Francia,Renève
Francia,Quimper
Francia,Prades
Francia,Porto Vecchio
Francia,Portet sobre Garona
Francia,Pont-de-Roide-Vermondans
Francia,Poitiers
Francia,Plobsheim
Francia,Pfaffenhoffen
Francia,Perpiñán
Francia,Pau
Francia,París
Francia,Ostwald
Francia,Orzaize
Francia,Orleáns
Francia,Orange
Francia,Matanza de Oradour-sur-Glane
Francia,Noyon
Francia,Niort
Francia,Nimes
Francia,Niza
Francia,Nevers
Francia,Neuilly-sur-Seine
Francia,Narbona
Francia,Nantes
Francia,Nanterre
Francia,Nancy
Francia,Mulhouse
Francia,Mugerre
Francia,Montroy
Francia,Montpellier
Francia,Montigny-le-Bretonneux
Mónaco,Montecarlo
Francia,Montauban
Mónaco,Mónaco
Francia,Moernach
Francia,Millau
Francia,Metz
Francia,Menton
Francia,Lekorne
Francia,Mauleón
Francia,Condado de Melguelh
Francia,Marsella
Francia,Mantes-la-Jolie
Francia,Lyon
Francia,Lukuze
Francia,Lunéville
Francia,Lourdes
Francia,Luhuso
Francia,Loudun
Francia,Lodève
Francia,Lisieux
Francia,Lingolsheim
Francia,Limoges
Francia,Lillebonne
Francia,Lila
Francia,Libourne
Francia,Les Sables-d'Olonne
Francia,Le Pecq-sur-Seine
Francia,Le Mans
Francia,El Havre
Francia,Cannet
Francia,La Salle les Alpes
Francia,Larresoro
Francia,La Rochelle
Francia,Larzabale-Arroze-Zibitze
Francia,Laon
Francia,Landibarre
Francia,Lannilis
Francia,Langres
Francia,Landerneau
Francia,Lampertheim
Francia,Lehuntze
Francia,La Ciotat
Francia,Bastida
Francia,Jutsi
Francia,zzLapurdi-) Jatsu
Francia,Ivry sobre Sena
Francia,Itsasu
Francia,Irisarri
Francia,Illkirch-Graffenstaden
Francia,Hyerès
Francia,Huelgoat
Francia,Honfleur
Francia,Hérouville Saint-Clair
Francia,Hendaya
Francia,Heleta
Francia,Hazparne
Francia,Haltsu
Francia,Haguenau
Francia,Guisa
Francia,Gixune
Francia,Getaria
Francia,Grenoble
Francia,Gravelinas
Francia,Grasse
Francia,Gordes
Francia,Gonesse
Francia,Gex
Francia,Garruze
Francia,Gap
Francia,Gaillac
Francia,Gabadi
Francia,Forbach
Francia,Fontainebleau
Francia,Ferney-Voltaire
Francia,Fécamp
Francia,Falaise
Francia,Étretat
Francia,Étaples
Francia,Ezpeleta
Francia,Épinal
Francia,Entzheim
Francia,Elna
Francia,Dunkerque
Francia,Divión
Francia,Dinan
Francia,Dijon
Francia,Dieppe
Francia,Deauville
Francia,Courcelles de Touraine
Francia,Abadía de Corbie
Francia,Compiègne
Francia,Colmar
Francia,Colliure
Francia,Cognac
Francia,Clichy-sous-Bois
Francia,Clermont-Ferrand
Francia,Ziburu
Francia,Chinon
Francia,Cherburgo-Octeville
Francia,Chateauneuf de Grasse
Francia,Châteaulin
Francia,Chasse sobre Rodano
Francia,Chartres
Francia,Charolles
Francia,Charleville-Mézières
Francia,Chaponost
Francia,Chantilly
Francia,Chamonix
Francia,Chambéry
Francia,Cessy
Francia,Alineamientos de Carnac
Francia,Carcasona
Francia,Cannes
Francia,Cambrai
Francia,Kanbo
Francia,Calais
Francia,Caen
Francia,Beskoitze
Francia,Brioude
Francia,Briançon
Francia,Brest
Francia,Bressuire
Francia,Bourges
Francia,Bourg-en-Bresse
Francia,Boulogne-sur-Mer
Francia,Bokale
Francia,Burdeos
Francia,Lekuine
Francia,Blois
Francia,Bischwiller
Francia,Bischheim
Francia,Biriatu
Francia,Bidarte
Francia,Bidaxune
Francia,Biarriz
Francia,Béziers
Francia,Béthune
Francia,Besanzón
Francia,Berville-sur-Mer
Francia,Burgue
Francia,Belleville sobre Saona
Francia,Belfort
Francia,Behovia
Francia,Beaulieu-sur-Dordogne
Francia,Beaugency
Francia,Bayona
Francia,Bayeux
Francia,Bastia
Francia,Basusarri
Francia,Bardoze
Francia,Barbizon
Francia,Bandol AOC
Francia,Baixas
Francia,Bagnères-de-Luchon
Francia,Castillo de Azay-le-Rideau
Francia,Aiherra
Francia,Avranches
Francia,Aviñón
Francia,Auxerre
Francia,Aurillac
Francia,Auray
Francia,Auch
Francia,Azkaine
Francia,Arromanches-les-Bains
Francia,Arrás
Francia,Arlés
Francia,Argenteuil
Francia,Arrangoitze
Francia,Arcachón
Francia,Erango
Francia,Antibes
Francia,Annecy
Francia,Anhauze
Francia,Angulema
Francia,Anglet
Francia,Angers
Francia,Amiens
Francia,Amenduze-Unaso
Francia,Altorf
Francia,Alteckendorf
Francia,Allenwiller
Francia,Algolsheim
Francia,Alénya
Francia,Alenzón
Francia,Albi
Francia,Albertville
Francia,Albé
Francia,Ajaccio
Francia,Aix-en-Provence
Francia,Aiziritze
Francia,Agén
Francia,Agde
Francia,Adamswiller
Andorra,Sant Julià de Lòria
Andorra,Ordino
Andorra,Escaldes-Engordany
Andorra,La Massana
Andorra,Encamp
Andorra,Canillo
Andorra,Andorra la Vella
Islas de Åland,Mariehamn
Liechtenstein,Vaduz
Liechtenstein,Triesenberg
Liechtenstein,Triesen
Liechtenstein,Schellenberg
Liechtenstein,Schaan
Liechtenstein,Ruggell
Liechtenstein,Planken
Liechtenstein,Mauren
Liechtenstein,Gamprin
Liechtenstein,Eschen
Liechtenstein,Balzers
Guernsey,Saint Peter Port
Hungría,Vac
Hungría,Tatabánya
Hungría,Pécs
Hungría,Esztergom
Hungría,Budapest
Eslovaquia,Trnava
Eslovaquia,Piestany
Eslovaquia,Nitra
Eslovaquia,Bratislava
Eslovaquia,Banská Bystrica
República Checa,Ústí nad Labem
República Checa,Uherské Hradiště
República Checa,Teplice
República Checa,Tachov
República Checa,Ciudad de Rapotín
República Checa,Praga
República Checa,Pilsen
República Checa,Pardubice
República Checa,Ostrava
República Checa,Opava
República Checa,Olomouc
República Checa,Míkulov
República Checa,Liberec
República Checa,Karlovy Vary
República Checa,Hradec Králové
República Checa,Český Krumlov
República Checa,České Budějovice
República Checa,Brno
Polonia,Zakopane
Polonia,Żagań
Polonia,Frankenstein
Polonia,Breslavia
Polonia,Wodzisław Śląski
Polonia,Wieluń
Polonia,Wałbrzych
Polonia,Wadowice
Polonia,Ustka
Polonia,Uniejów
Polonia,Toruń
Polonia,Szczecin
Polonia,Świnoujście
Polonia,Świętochłowice
Polonia,Stargard
Polonia,Sopot
Polonia,Słupsk
Polonia,Sławno
Polonia,Rydułtowy
Polonia,Rybnik
Polonia,Posnania
Polonia,Auschwitz
Polonia,Malbork
Polonia,Łódź
Polonia,Kutno
Polonia,Cracovia
Polonia,Koszalin
Polonia,Municipio de Kościelec
Polonia,Koło
Polonia,Katowice
Polonia,Kartuzy
Polonia,Kalisz
Polonia,Jastrzębie-Zdrój
Polonia,Iława
Polonia,Gorzów Wielkopolski
Polonia,Goleniów
Polonia,Glogovia
Polonia,Gdynia
Polonia,Gdansk
Polonia,Elbląg
Polonia,Darłowo
Polonia,Dąbrowa Górnicza
Polonia,Częstochowa
Polonia,Cieszyn
Polonia,Chorzów
Polonia,Chojnice
Polonia,Chelmno
Polonia,Bytów
Polonia,Bydgoszcz
Polonia,Bielsko-Biała
España,Zumaya
España,Zumárraga
España,Zarauz
España,Zarátamo
España,Zaragoza
España,Zamudio
España,Zamora
España,Zambrana
España,Zaldívar
España,Yurreta
España,Yurre
España,Vitoria
España,Viñols y Archs
España,Vinaroz
España,Viloví
España,Villayón
España,Urretxu
España,Villaro
España,Vilanova i la Geltrú
España,Villanueva de Villaescusa
España,Villalba
España,Ordizia
España,Vilafranca del Penedès
España,Villafranca del Cid
España,Villafames
España,Villabona
España,Villablino
España,Villava
España,Vilanova del Camí
España,Vilallonga
España,Vigo
España,Viella Mitg Arán
España,Vidreras
España,Vic
España,Vergara
España,Bera
España,El Vendrell
España,Valmaseda
España,Valls
España,Vallekas
España,Vallbona
España,Valladolid
España,Vacarisses
España,Usúrbil
España,Ullá
España,Tuy
España,Tremp
España,Tossa de Mar
España,Tortosa
España,Tortellá
España,Torrellas de Llobregat
España,Torrelavid
España,Torrelavega
España,Torrejón de Ardoz
España,Torre del Español
España,"Toro, Zamora"
España,Tordesillas
España,Tolosa
España,Tineo
España,Teruel
España,Tàrrega
España,Terrassa
España,Tarragona
España,Sumbilla
España,Sopela
España,Solsona
España,Sitges
España,Sigüenza
España,Sidamunt
España,Sestao
España,Serós
España,la Seu d'Urgell
España,Segovia
España,Sarriá de Ter
España,Sarría
España,Sarria
España,San Vicente de Mont-Alt
España,San Vicente de Castellet
España,Barakaldo
España,Santurce
España,Sant Just Desvern
España,Santiago de Compostela
España,Santesteban
España,Santa Susana
España,Santa Perpetua de Moguda
España,Santa Perpètua
España,Santander
España,Santa Marta de Tormes
España,Santa Cristina de Aro
España,Santa Coloma de Farnés
España,San Sebastián de los Reyes
España,San Sebastián
España,Sant Sadurni d'Anoia
España,San Quirico de Besora
España,San Pol de Mar
España,San Pedro de Vilamajor
España,San Pedro de Ribas
España,San Pedro de Idotorbe
España,San Martín del Bas
España,El Escorial
España,San Lorenzo
España,Vilassar del Mar
España,San Juan de Moro
España,San Jaime dels Domenys
España,La Granja
España,Sant Hilari Sacalm
España,Sangüesa
España,San Gregorio
España,Vilassar de Dalt
España,Sangenjo
España,San Fructuoso de Bages
España,San Feliú de Llobregat
España,Sant Feliu de Guíxols
España,San Feliu de Codinas
España,San Feliu
España,San Esteban Sasroviras
España,San Esteban de Litera
España,San Esteban de Gormaz
España,San Cugat Sasgarrigas
España,Sant Cugat
España,San Clemente de Llobregat
España,San Cipriano de Vallalta
España,San Cibrián
España,San Celoni
España,Sant Boi de Llobregat
España,San Antonio de Vilamajor
España,Distrito Sant Andreu
España,San Andrés de la Barca
España,Echevarría
España,Sant Adrià de Besòs
España,San Acisclo de Vallalta
España,Langreo
España,Salvatierra
España,Salt
España,Salou
España,Sallent de Gallego
España,Salamanca
España,Sagás
España,Sabiñánigo
España,Roselló
España,Rosas
España,Roquetas
España,Rodoñá
España,Roda de Barà
España,Ripoll
España,Riells
España,Ribadesella
España,Ribadeo
España,Reus
España,Respaldiza
España,Rentería
España,Redondela
España,Puig-Grós
España,Puigdalba
España,Puigcerdà
España,Prats de Llusanés
España,Pozuelo de Alarcón
España,Portugalete
España,Porqueras
España,Pontevedra
España,El Pont de Suert
España,Ponferrada
España,Polinyá
España,Pola de Lena
España,Laviana
España,Pobla de Montornés
España,Plencia
España,Playa de Aro
España,Plasencia
España,Pla del Panadés
España,Placencia de las Armas
España,Pinto
España,Pineda
España,Peñíscola
España,Pasajes
España,Pasajes
España,Parla
España,Parets del Vallès
España,Papiol
España,Panticosa
España,Pamplona
España,Pallaresos
España,Palencia
España,Palamós
España,Palafrugell
España,Palafolls
España,Padrón
España,Oyón
España,Oyarzun
España,Oviedo
España,Orozco
España,Orpesa
España,Ormáiztegui
España,Orgañá
España,Orense
España,Orduña
España,Orcoyen
España,Ondárroa
España,Oñate
España,Olot
España,Olesa de Montserrat
España,Olérdola
España,Odena
España,Ochandiano
España,Navés
España,Narón
España,Nájera
España,Mutiloa
España,Munguía
España,Mundaca
España,Mugardos
España,Motrico
España,Morell
España,Mora de Ebro
España,Monzón
España,Montornès del Vallès
España,Montbrio de Tarragona
España,Montblanch
España,Monistrol de Montserrat
España,Montgai
España,Monforte de Lemos
España,Mondragón
España,Moncada i Reixac
España,Mollet del Vallés
España,Mollerusa
España,Miravalles
España,Miranda de Ebro
España,Mequinenza
España,Mendaro
España,Mellid
España,Mataró
España,Marquina
España,Manresa
España,Manlleu
España,Malgrat de Mar
España,Majadahonda
España,Madrid
España,Lugo
España,Lucena del Cid
España,Luarca
España,Luanco
España,Los Corrales de Buelna
España,Lomas de Campos
España,Logroño
España,Lloret de Mar
España,Llorens del Panadés
España,Llodio
España,Llívia
España,Lliçà de Vall
España,Llissá de Munt
España,Llinás
España,Llançà
España,Llanes
España,Liñola
España,Lezo
España,Leza
España,Lleida
España,Lequeitio
España,León
España,Lemona
España,Lejona
España,Legorreta
España,Legazpia
España,Leganés
España,Lecumberri
España,Las Rozas
España,La Selva del Campo
España,Lasarte-Oria
España,Las Arenas
España,Larrabezúa
España,la Riera
España,Laredo
España,Pobla de Mafumet
España,La Peña
España,Laguardia
España,La Guardia
España,Fuliola
España,la Fresneda
España,Lacunza
España,La Coruña
España,la Bisbal d'Empordà
España,Labastida
España,l'Ametlla de Mar
España,Jaraíz de la Vera
España,Jaca
España,Isasondo
España,Irún
España,Igualada
España,Idiazábal
España,Icazteguieta
España,Campo Ibarra
España,Huesca
España,Huarte
España,Hospitalet de Llobregat
España,L'Hospitalet de l'Infant
España,Horta de San Juan
España,Hervás
España,Hernani
España,Haro
España,Guisona
España,Guetaria
España,Gernika-Lumo
España,Guecho
España,Guardiola
España,Guadalajara
España,El Grove
España,Graus
España,Granollers
España,Grado
España,Gràcia
España,Górliz
España,Gijón
España,Girona
España,García
España,Gandesa
España,Galdácano
España,Gáceta
España,Fuenterrabía
España,Fuenlabrada
España,Fraga
España,Fontcuberta
España,Fontanillas
España,Flix
España,Flassá
España,Figueres
España,Fatarella
España,Estella
España,Espluga de Francolí
España,Esparraguera
España,El Prat de Llobregat
España,Elorrio
España,Elochelerri
España,Empuriabrava
España,Elgóibar
España,El Figaró
España,Ferrol
España,El Bruc
España,Egea de los Caballeros
España,Eibar
España,Durango
España,Dosríus
España,Deva
España,Cuevas de Vinroma
España,Cudillero
España,Cretas
España,Crespiá
España,Coslada
España,Corsá
España,Cornellà de Llobregat
España,Corcubión
España,Collado Villalba
España,Cizúrquil
España,Ciudad Rodrigo
España,Ciudadela
España,Cintruénigo
España,La Cuesta
España,Chinchón
España,Cestona
España,Centelles
España,Celrá
España,Cee
España,Catoira
España,Catllar
España,Castro-Urdiales
España,Castillo de Aro
España,Castigaleu
España,Castellvell
España,Castelltersol
España,Castelldefels
España,Castelbisbal
España,Caspe
España,Cardona
España,Cardedeu
España,Carballo
España,Capellades
España,Cànoves i Samalús
España,Canovellas
España,Cangas de Onís
España,Canet de Mar
España,Camprodón
España,Campo
España,Campa
España,Cambrils
España,Cambados
España,Calella
España,Caldas de Malavella
España,Calatayud
España,Calahorra
España,Calafell
España,Cadaqués
España,Burlada
España,Burgos
España,Borjas del Campo
España,Boadilla del Monte
España,Blanes
España,Binéfar
España,Binaced
España,Bilbao
España,Betanzos
España,Besalú
España,Berrobi
España,Bérriz
España,Berriozar
España,Berriatúa
España,Berga
España,Berantevilla
España,Berango
España,Benicásim
España,Benicarló
España,Bengoeche
España,Benavent de Lérida
España,Benasque
España,Benabarre
España,Bellvey
España,Bellpuig
España,Belchite
España,Begas
España,Beceite
España,Beasáin
España,Baiona
España,Báscara
España,Barcelona
España,Barbastro
España,Bañolas
España,Bañeras
España,Balsareny
España,Ballobar
España,Begur
España,Bagá
España,Badalona
España,Azuqueca
España,Azpeitia
España,Azcoitia
España,Aiguafreda
España,Ayerbe
España,Axpe de Busturia
España,Avinyonet
España,Avilés
España,Ávila
España,Ataun
España,Astrabudúa
España,Astorga
España,Asteasu
España,Ascó
España,Arriondas
España,Arrigorriaga
España,Argentona
España,Arganda del Rey
España,Arenys de Munt
España,Arenys de Mar
España,Arechavaleta
España,Arbós
España,Arbizu
España,Arazuri
España,Araia
España,Aranjuez
España,Aranda de Duero
España,Aranaz
España,Apatamonasterio
España,Anoeta
España,Andoain
España,Andicona
España,Amurrio
España,Amposta
España,Amorebieta-Echano
España,Amézqueta
España,Alsasua
España,Alonsótegui
España,Almacelles
España,Allariz
España,Ali
España,Algorta
España,Alfaro
España,Alegría de Oria
España,Alcorcón
España,Alcora
España,Alcobendas
España,Alcarrás
España,Alcañiz
España,Alcalá de Henares
España,Alcala de Chivert
España,Albiol
España,Albatarrech
España,Lagoa
España,Ainsa
España,Aiguamurcia
España,Agramunt
España,Acosta
España,Ablitas
España,Abiego
España,Abechuco
España,Abárzuza
España,Abadiño
Noruega,Reino de Voss
Noruega,Trondheim
Noruega,Tromsø
Noruega,Tønsberg
Noruega,Stavanger
Noruega,Sandnessjøen
Noruega,Oslo
Noruega,Narvik
Noruega,Namsos
Noruega,Lillehammer
Noruega,Kristiansand
Noruega,Bergen
Noruega,Arendal
Noruega,Ålesund
Italia,Viterbo
Italia,Vipiteno
Italia,Vinci
Italia,Villa Basílica
Italia,Vicenza
Italia,Viareggio
Italia,Verona
Italia,Ventimiglia
Italia,Venecia
Italia,Varese
Italia,Urbino
Italia,Trino
Italia,Trieste
Italia,Treviso
Italia,Trento
Italia,Tortona
Italia,Torre Pellice
Italia,Turín
Italia,Tibur
Italia,Tirrenia
Italia,Terlano
Italia,Teramo
Italia,Tempio Pausania
Italia,Tarvisio
Italia,Tarento
Italia,Spoleto
Italia,Sorrento
Italia,Sondrio
Italia,Solferino
Italia,Solarolo
Italia,Siena
San Marino,Serravalle
Italia,Senigallia
Italia,Sciolze
Italia,Scandicci
Italia,Savona
Italia,Sassari
Italia,Sarsina
Italia,Sappada
Italia,Santo Stefano Belbo
Italia,San Severino Marche
Italia,Sanremo
San Marino,San Marino
Italia,San Giorgio a Cremano
Italia,San Gimignano
Italia,San Donato Milanese
Italia,San Donà di Piave
Italia,San Casciano in Val di Pesa
Italia,Salerno
Italia,Roma
Italia,Roccabianca
Italia,Rímini
Italia,Rieti
Italia,Rho
Italia,Recanati
Italia,Rávena
Italia,Rapallo
Italia,Quattordio
Italia,Procida
Italia,Prato
Italia,Pozzuoli
Italia,Potenza
Italia,Positano
Italia,Posada
Italia,Portovenere
Italia,Portoferraio
Italia,Porto Azzurro
Italia,Portici
Italia,Pompeya
Italia,Pogliano Milanese
San Marino,Chiesanuova
Italia,Poggio Bustone
Italia,Pistoia
Italia,Pisticci
Italia,Pisa
Italia,Peñarol
Italia,Pieve Santo Stefano
Italia,Pieve di Cadore
Italia,Plasencia
Italia,Pescia
Italia,Pescara
Italia,Pesaro
Italia,Perugia
Italia,Pavía
Italia,Parma
Italia,Padua
Italia,Ozieri
Italia,Orvieto
Italia,Ortisei
Italia,Orte
Italia,Oppido Lucano
Italia,Nuoro
Italia,Novara
Italia,Nola
Italia,Nettuno
Italia,Nerviano
Italia,Narni
Italia,Nápoles
Italia,Murano
Italia,Mugnano di Napoli
Italia,Morbegno
Italia,Monza
Italia,Módena
Italia,Mirandola
Italia,Mira
Italia,Milán
Italia,Merano
Italia,Melito di Napoli
Italia,Melegnano
Italia,Matera
Italia,Massa
Italia,Marano sul Panaro
Italia,Marano di Napoli
Italia,Maranello
Italia,Provincia de Mantua
Italia,Maiori
Italia,Macerata
Italia,Lucca
Italia,Livorno
Italia,Legnano
Italia,Lecco
Italia,Lecce
Italia,Latina
Italia,La Spezia
Italia,L'Aquila
Italia,Lanciano
Italia,Lamon
Italia,La Maddalena
Italia,Laives
Italia,Lainate
Italia,Ivrea
Italia,Imperia
Italia,Imola
Italia,Jesolo
Italia,Iesi
Italia,Grottaglie
Italia,Gropello Cairoli
Italia,Grignasco
Italia,Génova
Italia,Gargazzone
Italia,Gaeta
Italia,Frosinone
Italia,Forlì
Italia,Forio
Italia,Foggia
Italia,Florencia
San Marino,Fiorentino
Italia,Fiorano Modenese
Italia,Fiésole
Italia,Fidenza
Italia,Ferentino
Italia,Fano
San Marino,Faetano
Italia,Faenza
Italia,Domodossola
Italia,Desio
Italia,Desenzano del Garda
Italia,Cremona
Italia,Courmayeur
Italia,Cortina d'Ampezzo
Italia,Correggio
Italia,Como
Italia,Cogne
Italia,Chiusa
Italia,Chieti
Italia,Cesana Torinese
Italia,Cerea
Italia,Cercola
Italia,Cavalese
Italia,Castiglion Fiorentino
Italia,Casoria
Italia,Caserta
Italia,Casandrino
Italia,Carrara
Italia,Carpineto Romano
Italia,Carbonera
Italia,Capua
Italia,Isla de Capri
Italia,Capoliveri
Italia,Canosa Sannita
Italia,Canino
Italia,Camposanto
Italia,Camerino
Italia,Caderzone
Italia,Brunico
Italia,Brindisi
Italia,Bresanona
Italia,Brescia
Italia,Brennero
Italia,Bra
Italia,Borore
San Marino,Borgo Maggiore
Italia,Bolzano
Italia,Lago de Bolsena
Italia,Bolonia
Italia,Biella
Italia,Bérgamo
Italia,Benevento
Italia,Belluno
Italia,Bellagio
Italia,Bari
Italia,Bacoli
Italia,Avellino
Italia,Avelengo
Italia,Atella
Italia,Asti
Italia,Asís
Italia,Ascoli Piceno
Italia,Arzano
Italia,Arpino
Italia,Armento
Italia,Ariano Irpino
Italia,Arese
Italia,Aosta
Italia,Anzio
Italia,Ancona
Italia,Amalfi
Italia,Altavilla Silentina
Italia,Alguer
Italia,Alessandria
Italia,Albano Laziale
Italia,Aiello del Sabato
San Marino,Acquaviva
Albania,Tirana
Albania,Durrës
Albania,Berat
Croacia,Zagreb
Croacia,Zadar
Croacia,Vukovar
Bosnia-Herzegovina,Visoko
Croacia,Varazdin
Serbia,Subotica
Croacia,Split
Croacia,Sisak
Bosnia-Herzegovina,Sarajevo
Croacia,Rijeka
Croacia,Pula
Montenegro,Podgorica
Eslovenia,Novo mesto
Serbia,Novi Sad
Bosnia-Herzegovina,Mostar
Eslovenia,Maribor
Eslovenia,Liubliana
Bosnia-Herzegovina,Livno
Eslovenia,Krško
Montenegro,Kotor
Eslovenia,Izola
Montenegro,Berane
Montenegro,Herceg Novi
Croacia,Dubrovnik
Montenegro,Cetiña
Eslovenia,Celje
Montenegro,Budva
Eslovenia,Bled
Bosnia-Herzegovina,Bihać
Montenegro,Bar
Bosnia-Herzegovina,Bania Luka
Montenegro,Andrijevica
Alemania,Unteruhldigen
Italia,Orsago
Alemania,Munich
Alemania,Aquisgrán
Noruega,Askøy
Namibia,Windhoek
Namibia,Swakopmund
Namibia,Okahandja
Namibia,Keetmanshoop
Namibia,Walvis Bay
Sudáfrica,Stellenbosch
Sudáfrica,Ciudad del Cabo
Santa Elena,Jamestown
Portugal,Angra do Heroísmo
Barbados,Bridgetown
Cabo Verde,Praia
Guyana,Nueva Ámsterdam
Guyana,Georgetown
Guayana Francesa,Cayena
Surinam,Paramaribo
Brasil,Teresina
Brasil,São Luís
Brasil,Santarém
Brasil,Recife
Brasil,Olinda
Brasil,Natal
Brasil,Maceió
Brasil,Macapá
Brasil,João Pessoa
Brasil,Gravatá
Brasil,Fortaleza
Brasil,Cruz
Brasil,Caruaru
Brasil,Campina Grande
Brasil,Belém
Islandia,Reikiavik
Islandia,Kópavogur
Islandia,Keflavík
Islandia,Hafnarfjörður
Islandia,Garðabær
Islandia,Akranes
Groenlandia,Sisimiut
Groenlandia,Qaqortoq
Groenlandia,Nuuk
Groenlandia,Maniitsoq
Groenlandia,Ilulissat
Groenlandia,Aasiaat
San Pedro y Miquelón,Saint-Pierre
Islas Georgia del Sur y Sandwich del Sur,Grytviken
Islas Malvinas,Puerto Argentino
Argentina,Zárate
Argentina,Villa Madero
Argentina,Villa Luzuriaga
Argentina,Tandil
Argentina,Tablada
Argentina,Santa Teresita
Argentina,San Eladio
Argentina,Ciudad de Resistencia
Argentina,Quilmes
Argentina,Punta Lara
Argentina,Puerto Iguazú
Argentina,Posadas
Argentina,Plátanos
Argentina,Necochea
Argentina,Mar del Plata
Argentina,Mar de Ajó
Argentina,Luján
Argentina,Lobos
Argentina,La Plata
Argentina,La Luisa
Argentina,Laferrere
Argentina,Villa Flandria
Argentina,Goya
Argentina,Ciudad de Formosa
Argentina,José María Ezeiza
Argentina,El Talar de Pacheco
Argentina,Del Viso
Argentina,Ciudad de Corrientes
Argentina,Concordia
Argentina,Concepción del Uruguay
Argentina,Baires
Argentina,Boulogne
Argentina,Bosques
Argentina,La Boca
Argentina,Almagro
Argentina,Matanza
Argentina,Abasto
Paraguay,Ygatimi
Paraguay,Santa Rosa Misiones
Paraguay,San Lorenzo
Paraguay,Nanawua
Paraguay,Luque
Paraguay,La Paloma
Paraguay,Encarnación
Paraguay,Concepción
Paraguay,Ciudad del Este
Paraguay,Juan de Ayolas
Paraguay,Asunción
Uruguay,Tacuarembó
Uruguay,Salto
Uruguay,Rivera
Uruguay,Punta del Este
Uruguay,Paysandú
Uruguay,Montevideo
Uruguay,Melo
Uruguay,Maldonado
Uruguay,Las Piedras
Uruguay,Villa de Fray Bentos
Uruguay,Colonia del Sacramento
Uruguay,Canelones
Brasil,Vitória da Conquista
Brasil,Vitória
Brasil,Vila Velha
Brasil,Viamão
Brasil,Uruguaiana
Brasil,Três Lagoas
Brasil,Toledo
Brasil,Tiradentes
Brasil,Sorocaba
Brasil,São Paulo
Brasil,São Leopoldo
Brasil,São José dos Campos
Brasil,São João del-Rei
Brasil,San Francisco del Sur
Brasil,São Carlos
Brasil,São Borja
Brasil,São Bernardo do Campo
Brasil,Santos
Brasil,Santo Ângelo
Brasil,Santo André
Brasil,Santana do Livramento
Brasil,Salvador
Brasil,Rio Grande
Brasil,Río de Janeiro
Brasil,Río Claro
Brasil,Ribeirão Preto
Brasil,Porto Alegre
Brasil,Punta Porá
Brasil,Ponta Grossa
Brasil,Pindamonhangaba
Brasil,Petrópolis
Brasil,Pelotas
Brasil,Passo Fundo
Brasil,Paranaguá
Brasil,Ouro Preto
Brasil,Novo Hamburgo
Brasil,Nova Iguaçu
Brasil,Nueva Friburgo
Brasil,Niterói
Brasil,Maringá
Brasil,Marília
Brasil,Londrina
Brasil,Lages
Brasil,Juiz de Fora
Brasil,Joinville
Brasil,Jaraguá do Sul
Brasil,Jacareí
Brasil,Itaqui
Brasil,Itajaí
Brasil,Itabuna
Brasil,Guarulhos
Brasil,Gravataí
Brasil,Goiânia
Brasil,Foz de Iguazu
Brasil,Florianópolis
Brasil,Feira de Santana
Brasil,Erechim
Brasil,Dourados
Brasil,Curitiba
Brasil,Cuiabá
Brasil,Cruz Alta
Brasil,Criciúma
Brasil,Corumbá
Brasil,Conselheiro Lafaiete
Brasil,Caxias do Sul
Brasil,Cascavel
Brasil,Canoas
Brasil,Campo Grande
Brasil,Campinas
Brasil,Cachoeirinha
Brasil,Cabo Frío
Brasil,Brasilia
Brasil,Blumenau
Brasil,Bento Gonçalves
Brasil,Belo Horizonte
Brasil,Camboriú
Brasil,Bagé
Brasil,Araçatuba
Brasil,Aracaju
Brasil,Angra dos Reis
Brasil,Anápolis
Brasil,Alegrete
Brasil,Guaíba
Brasil,Palmas
Argentina,Maquinista Savio
Venezuela,La Asunción
México,Atizapán de Zaragoza
México,Ciudad Díaz Ordaz
México,El Refugio
México,El Jabalí
México,Campamento Alto
México,El Huizachal
Jamaica,Ocho Ríos
Jamaica,Bahía Montego
República Dominicana,Santa Cruz de Barahona
República Dominicana,San Francisco de Macorís
República Dominicana,San Felipe de Puerto Plata
República Dominicana,Salvaleón de Higüey
República Dominicana,Punta Cana
República Dominicana,Concepción de La Vega
República Dominicana,Baní
República Dominicana,Bajos de Haina
Curazao,Willemstad
México,Zacatepec de Hidalgo
México,Xicotepec de Juárez
México,Alvaro Obregon
México,Villahermosa
México,Gustavo Adolfo Madero
México,Villaflores
México,Viaducto Piedad
México,Veracruz
México,Vega de Alatorre
México,Vasco de Quiroga
México,Tuxtla Gtz
México,Tultitlá de Mariano Escobedo
México,Tulancingo de Bravo
México,Trinidad Zaachila
México,Toluca de Lerdo
México,Tlanchinol
México,Tlaltenango
México,Delegación Tlalpan
México,Tlanepantla de baz
México,Tláhuac
México,Tihuatlan
México,Santiago Tianguistenco
México,Teziutlan
México,Texcoco
México,Tequesquitengo
México,Cuautitlán Izcalli
México,Santiago Tepetlapa
México,San Cristóbal Tepeojuma
México,Tepeji del Rio de Ocampo
México,Tepecoa
México,Tepeaca
México,Tepalcingo de Hidalgo
México,San Sebastián Tenango
México,Temixco
México,Temascalcingo de José María Velazco
México,Tecax
México,Tehuixtla
México,Tehuacán
México,Teapa
México,Taxco de Alarcón
México,Tapachula
México,Tamuin
México,Tampico
México,Tacotalpa
México,Pinotepa
México,Santiago Tulantepec de Lugo Guerrero
México,Santa Rosalía
México,Huatulco
México,Heroica Ciudad de Tlaxiaco
México,Tecamac de Felipe Villanueva
México,San Pedro Pochutla
México,San Nicolás
México,San Matias Tlalancaleca
México,San Martin Texmelucan
México,San Martín
México,Teotihuacán de Arista
México,San Juan del Río
México,San Juan de Aragón
México,Tuxtepec
México,Animas Trujano
México,San José los Laureles
México,San Francisco Tlalnepantla
México,Teotlaltzingo
México,San Dionisio
México,San Cristóbal de las Casas
México,Matlalohcan
México,Salina Cruz
México,Sabancuy
México,Ríoverde
México,Río Seco
México,Río Grande
México,Rinconada
México,Reynosa
México,La Reforma
México,Putla Villa de Guerrero
México,Puebla de Zaragoza
México,Progreso de Castro
México,Poza Rica
México,Pozarica
México,Polanco
México,Piedad Narvarte
México,Peralvillo
México,Santa Úrsula
México,Paraiso
México,Pánuco
México,San Agustín del Palmar
México,Ruinas de Palenque
México,Pachuca
México,Oxkutzkab
México,El Santuario
México,Oriental
México,La Ventosa
México,San Francisco Ocotlán
México,Oaxaca
México,Nuevo Laredo
México,Necaxa
México,Naucalpan de Juárez
México,Villa Nanchital
México,Monte Blanco
México,Mixquiahuala de Juarez
México,Milpa Alta
México,Miguel Hidalgo
México,Municipio de Metepec
México,Mérida
México,Heroica Matamoros
México,Martínez de la Torre
México,Mani
México,Los Reyes La Paz
México,Lerdo de Tejada
México,San José de Tenería
México,Las Lomas
México,Congregación Reforma
México,San Pedro la Cueva
México,La Ceiba
México,Juventino Rosas
México,Juchitán de Zaragoza
México,San Andres Jaltenco
México,Xalapa
México,Izúcar
México,Ixtepec
México,Iztapaluca
México,Delegación Iztapalapa
México,Itzincab Palomeque
México,Hunucmá
México,Huixtla
México,Huixquilucan
México,Ciudad de Huitzuco
México,Huimanguillo
México,Huichihuayan
México,Huhi
México,Huajuápam
México,Hopelchen
México,Hidalgo
México,Granjas México
México,Graciano Sánchez
México,Tlacotal Ramos Millán
México,Escuadrón Doscientos Uno
México,El Galaneño
México,Ecatepec
México,Cueyamecalco Villa de Zaragoza
México,Ciudad de Cuetzalan
México,Cuernavaca
México,San Juan B. Cuautlancingo
México,Cuajimalpa de Morelos
México,Cozumel
México,Coyoacán
México,Cosgaya
México,Córdoba
México,Conkal
México,Comitán
México,Comitancillo
México,Comapa
México,San Bartolo Cohuecan
México,Puerto Mexico
México,Coacalco
México,Cd. Victoria
México,Cd Valles
México,Ciudad Sahagun
México,Neza
México,Cd Madero
México,Ciudad de México
México,Cd Carmen
México,Cholula
México,Chinameca
México,China
México,Chilpancingo de los Bravo
México,Chinautla
México,San Vicente Chicoloapan
México,Chichí de los Lagos
México,Chetumal
México,Chalmita
México,Villa Chalcatongo de Hidalgo
México,Chablekal
México,Cancún
México,Campeche
México,Calnali
México,Buena Vista del Monte
México,Becal
México,Banderilla
México,Balancán
México,Ayutla
México,San Salvador
México,Atongo de Abajo
México,San Bartolomé Atlatlahuca
México,Adolfo López Mateos
México,Atempan
México,Angel R. Cabadas
México,Amayuca
México,Loma el Rosario
México,Aldana
México,Villa Aldama
México,Akil
México,Agua Dulce
México,San Juan Acatzingo
México,Acapulco
México,Acapeteahua
México,Acachapan y Colmena Primera Sección
México,Abasolo Primera Sección
Cuba,Varadero
Cuba,Santa Clara
Cuba,La Habana
Cuba,Holguín
Martinica,Fort-de-France
Bahamas,Nasáu
Bermudas,Hamilton
Anguila,El Valle
Trinidad y Tobago,Puerto España
San Cristóbal y Nieves,Basseterre
Dominica,Roseau
Antigua y Barbuda,Saint John's
Santa Lucía,Castries
Islas Turcas y Caicos,Cockburn Town
Aruba,Oranjestad
Islas Vírgenes,Road Town
San Vicente y las Granadinas,Kingstown
Guadalupe,Basse-Terre
Granada,Saint George's
Islas Caimán,George Town
Belice,San Ignacio
Belice,Belmopán
Belice,Ciudad de Belice
El Salvador,San Salvador
El Salvador,Santa Tecla
Guatemala,Quetzaltenango
Guatemala,Ciudad Melchor de Mencos
Guatemala,Guate
Guatemala,Antigua Guatemala
Honduras,Tegucigalpa
Honduras,San Pedro Sula
Honduras,La Ceiba
Nicaragua,Managua
Nicaragua,León
Nicaragua,Granada
Costa Rica,San José
Costa Rica,Ciudad de Limón
Costa Rica,Boca del Nosara
Costa Rica,Cartago
Costa Rica,Alajuela
Venezuela,Valera
Venezuela,Valencia
Venezuela,Urena
Venezuela,Turmero
Venezuela,Tucupita
Venezuela,Trujillo
Venezuela,Sarare
Venezuela,San Juan de Los Morros
Venezuela,Colón
Venezuela,San Cristobal
Venezuela,San Carlos
Venezuela,Caribe
Venezuela,Quíbor
Venezuela,Puerto Píritu
Venezuela,Puerto Ordaz
Venezuela,Puerto Ayacucho
Venezuela,Porlamar
Venezuela,Petare
Venezuela,Ocumare
Venezuela,Michelena
Venezuela,Merida
Venezuela,Maracay
Venezuela,Maracaibo
Venezuela,La Victoria
Venezuela,Tejerias
Venezuela,La Guaira
Venezuela,Higuerote
Venezuela,Guarenas
Venezuela,Guanare
Venezuela,Guacara
Venezuela,El Vigía
Venezuela,Tocuyo
Venezuela,El Tigre
Venezuela,Los Roques
Venezuela,Duaca
Venezuela,Cumaná
Venezuela,Coro
Venezuela,Ciudad Bolivar
Venezuela,Chacao
Venezuela,Catia La Mar
Venezuela,Carúpano
Venezuela,Carora
Venezuela,Carmen
Venezuela,Caracas
Venezuela,Caraballeda
Venezuela,Cano Manamo
Venezuela,Calabozo
Venezuela,Cabudare
Venezuela,Cabimas
Venezuela,Boconó
Venezuela,Barquisimeto
Venezuela,Barinas
Venezuela,Barcelona
Venezuela,Barbacoas
Venezuela,Araya
Venezuela,Araure
Venezuela,Apartaderos
Venezuela,Anare
Venezuela,Acarigua
Ecuador,Santo Domingo de los Colorados
Ecuador,Riobamba
Ecuador,Quito
Ecuador,Otavalo
Ecuador,Manta
Ecuador,Loja
Ecuador,Latacunga
Ecuador,Guayaquil
Ecuador,Cuenca
Ecuador,Ambato
Brasil,Río Branco
Brasil,Porto Velho
Brasil,Manaos
Brasil,Boa Vista
Colombia,Zipaquirá
Colombia,Yopal
Colombia,Villavicencio
Colombia,Valledupar
Colombia,Sogamoso
Colombia,Santa Marta
Colombia,San Martín
Colombia,San Agustín
Colombia,Riohacha
Colombia,Quimbaya
Colombia,Quibdó
Colombia,Puerto Carreño
Colombia,Puerto Boyacá
Colombia,Puerto Asís
Colombia,Prado
Colombia,Pitalito
Colombia,Pasto
Colombia,Montería
Colombia,Mocoa
Colombia,Mitú
Colombia,Medellín
Colombia,Manizales
Colombia,Maicao
Colombia,Leticia
Colombia,La Tebaida
Colombia,Las Palmas
Colombia,Ipiales
Colombia,Garzón
Colombia,Facatativá
Colombia,Envigado
Colombia,Duitama
Colombia,Cúcuta
Colombia,Municipio de Copacabana
Colombia,Casuarito
Colombia,Cartagena de Indias
Colombia,Cali
Colombia,Buenaventura
Colombia,Bucaramanga
Colombia,Bogotá
Colombia,Bocas del Palo
Colombia,Bello
Colombia,Barranquilla
Colombia,Barrancabermeja
Colombia,Arauca
Perú,3 De Octubre
Perú,Trujillo
Perú,Tingo María
Perú,Pucallpa
Perú,Piura
Perú,Moyobamba
Perú,Iquitos
Perú,Huaraz
Perú,Huánuco
Perú,Chimbote
Perú,Chiclayo
Perú,Chachapoyas
Perú,Cajamarca
Panamá,Panamá
Panamá,Narganá
Panamá,Buabidi
Panamá,David
Panamá,Ciudad de Colón
Panamá,Chiriquí
Panamá,Chichica
Haití,Puerto Príncipe
Haití,Hincha
Haití,Los Cayos
Haití,Cabo Haitiano
Cuba,Habana
México,Galeana
Venezuela,Maturín
Colombia,La Honda
México,General Escobedo
México,Hidalgo
Venezuela,La Grita
Venezuela,El Saman
México,El Rosario
México,San Pedro Cholula
México,Blanca
México,San Andrés Lagunas
México,Santiago Tamazola
México,Tamazulapan del Progreso
México,Isla Soyaltepec
México,Tierra Blanca
México,Agua Escondida
México,Frontera
México,El Capricho
México,Las Choapas
México,Corregidora
México,Jalisco
México,Narciso Mendoza
Venezuela,San Fernando de Apure
México,El Calvario
México,Hidalgo
México,Acoxcatlán
México,Hueyotlipa
México,La Flor
México,Cocol
México,Juchitlán
México,Cuauhtémoc
México,Puerto México
México,Tepeyac
México,San Miguel
México,Irolo
México,Benito Juárez
México,Adolfo López Mateos
México,Satélite
México,Guerrero
México,San Juan
México,Tlaltepango
México,El Zacatón
México,Colonia Cuauhtémoc
México,Los Laureles
México,San Luis Huexotla
México,San Jeránimo Amanalco
México,Tezoyuca
México,San Marcos Nepantla
México,La Loma del Pino
México,Cuacuila
México,Analco
México,Vincente Guerrero
México,Santa Cuz del Bosque
México,La Purísima
México,Actipan de Morelos
México,Buenavista
México,Jolalpan
México,Analco
México,Lomas de Chapultepec
México,Mexcaltepec
México,Benito Juárez
México,Kantunilkin
México,Aventuras
México,Benito Juárez
México,Insurgentes
México,Los Pescados
México,Chavaxtla
México,Las Maromas
México,La Selva
México,La Habana
México,José Cardel
México,El Cerrito
México,Estancia de Tequesquipan
México,Benito Juárez
México,La Esperanza
México,Tlacuitlapa
México,Morelos
México,San Mateo Xalpa
México,Santa Cruz Acalpixca
México,San Mateo Tlaltenango
México,Delegación Miguel Hidalgo
México,Colonia Alvaro Obregón
México,Melchor Ocampo
México,Tonanitla
Colombia,San José del Guaviare
Argentina,Villa Regina
Argentina,Villa María
Argentina,Villa Carlos Paz
Argentina,Viedma
Argentina,Venado Tuerto
Argentina,Ushuaia
Argentina,Trelew
Argentina,Ciudad de Santiago del Estero
Argentina,Santa Rosa de Calamuchita
Argentina,Ciudad de Santa Rosa
Argentina,Ciudad de Santa Fe
Argentina,San Salvador de Jujuy
Argentina,San Ramón de la Nueva Orán
Argentina,San Nicolás de los Arroyos
Argentina,Tucumán
Argentina,San Martín de los Andes
Argentina,San Luis
Argentina,San Lorenzo
Argentina,Ciudad de San Juan
Argentina,San Fernando del Valle de Catamarca
Argentina,San Carlos
Argentina,Ciudad de Salta
Argentina,Rosario
Argentina,Río Gallegos
Argentina,Ciudad de Río Cuarto
Argentina,Rawson
Argentina,Rafaela
Argentina,Puerto Madryn
Argentina,Presidencia Roque Sáenz Peña
Argentina,Pergamino
Argentina,Paraná
Argentina,Olavarría
Argentina,Ciudad de Neuquén
Argentina,Montes de Oca
Argentina,Merlo
Argentina,Ciudad de Mendoza
Argentina,Las Parejas
Argentina,Ciudad de La Rioja
Argentina,Ciudad de General Roca
Argentina,Calafate
Argentina,Córdoba
Argentina,Catriel
Argentina,Bermejo
Argentina,Bahía Blanca
Argentina,Armstrong
Argentina,Arequito
Chile,Viña del Mar
Chile,Villa Alemana
Chile,Valparaíso
Chile,Valdivia
Chile,Temuco
Chile,Talcahuano
Chile,Talca
Chile,Santiago de Chile
Chile,San Javier de Loncomilla
Chile,San Felipe
Chile,San Antonio
Chile,Rancagua
Chile,Quilpué
Chile,Quillota
Chile,Punta Arenas
Chile,Quellón
Chile,Puerto Montt
Chile,Puerto Aysén
Chile,Peñaflor
Chile,Ovalle
Chile,Osorno
Chile,Melipilla
Chile,Los Ángeles
Chile,Llanquihue
Chile,Linares
Chile,La Serena
Chile,Iquique
Chile,Curicó
Chile,Copiapó
Chile,Concepción
Chile,Chonchi
Chile,Chiguayante
Chile,Calbuco
Chile,Calama
Chile,Arica
Chile,Antofagasta
Chile,Ancud
Bolivia,Trinidad
Bolivia,Tarija
Bolivia,Sucre
Bolivia,Santa Cruz de la Sierra
Bolivia,Riberalta
Bolivia,Potosí
Bolivia,Oruro
Bolivia,La Paz
Bolivia,Cochabamba
Bolivia,Cobija
Perú,Tacna
Perú,Santiago
Perú,Puno
Perú,Puerto Maldonado
Perú,Pisco
Perú,Pachacámac
Perú,Moquegua
Perú,Lima
Perú,La Virgen
Perú,Boca Piedras
Perú,La Perla
Perú,La Libertad
Perú,Ica
Perú,Huancayo
Perú,Huancavelica
Perú,Cuzco
Perú,Urbanización Chillón
Perú,Cerro de Pasco
Perú,El Callao
Perú,California
Perú,Ayacucho
Perú,Arequipa
Perú,Ancón
Perú,Abancay
Perú,Selva Alegre
México,San Ignacio Río Muerto
México,El Carretón
México,Enrique Estrada
México,Huilacatitlán
México,Acaspulco
México,Bonanza
México,Valles
México,Los Flores
México,General Domingo Arrieta
México,Jardines
México,Campestre
México,Zihuatanejo
México,Zaragoza
México,Villa Zaragoza
México,Zapopan
México,Zamora de Hidalgo
México,Zacatecas
México,Vista Hermosa de Negrete
México,Villagran
México,Ciudad Frontera
México,Corregidora
México,García
México,Villa de Cos
México,Villachuato
México,Vícam Pueblo
México,Viborillas
México,Usmajac
México,Uruapan
México,Torreón
México,Tomatlán
México,Tlaquepaque
México,Tijuana
México,Tepic
México,Tepatitlán de Morelos
México,Tenacatita
México,Temascaltepec
México,Técpan de Galeana
México,Tecalitlan
México,Tapalpa
México,Santiago
México,Santa Rosa Jauregui
México,Santa Isabel
México,Santa Ana Zirosto
México,San Pedro de Las Colonias
México,San Nicolás de los Garza
México,San Miguel de Allende
México,San Luis Río Colorado
México,San Luis Potosí
México,San Juan Atezcapan
México,San Jose Iturbide
México,San José del Cabo
México,San Francisco del Rincón
México,San Diego de Alcalá
México,San Cristóbal
México,San Antonio
México,Saltillo
México,Ciudad Sabinas
México,Romita
México,Río Grande
México,Rincón de Romos
México,El Refugío
México,Estación Queréndaro
México,Pto Vallarta
México,Pueblo Yaqui
México,Plateros
México,Pinos
México,Piedras Negras
México,La Peñita de Jaltomba
México,Pajacuarán
México,Nochistlán de Mejía
México,Navojoa
México,Morelos
México,Morelia
México,Monterrey
México,Monclova
México,Mexicali
México,Ciudad Mazatlán
México,Mascota
México,Marfil
México,Maravatío de Ocampo
México,Los Volcanes
México,Los Naranjos
México,Los Mochis
México,Gabriel Zamora
México,León Guzmán
México,León
México,Las Varas
México,Municipio La Piedad
México,La Paz
México,La Joya
México,Santa Cruz de Juventino Rosas
México,Jiquílpan de Juárez
México,Jalpa
México,Xalisco
México,Jalipa
México,Jala
México,Huejucar
México,Huáscato
México,Heróica Zitácuaro
México,Nogales
México,Hermosillo
México,Guaymas
México,Guasave
México,Guanajuato
México,Guadalupe
México,Guadalajara
México,Gomez Palacio
México,Gral. Escobedo
México,Escobedo
México,Ensenada
México,La Chona
México,El Zopilote
México,El Sauzal de Rodríguez
México,Pueblo de Caña
México,El Limón
México,El Grullo
México,El Cercado
México,El Carmen
México,Ejido la Concha
México,Victoria de Durango
México,Dolores
México,Culiacán
México,Colorines
México,Colima
México,Coahuayana Viejo
México,Cd Obregon
México,San Pedro Piedra Gorda
México,Lerdo
México,Ciudad Juárez
México,Cd Guzman
México,Ciudad Constitución
México,Acuña
México,Cieneguillas
México,Chiquimitío
México,Chihuahua
México,Chavarín
México,Cerano
México,Cóndiro
México,Cananea
México,Camino Real
México,Buenos Aires
México,Buenavista
México,Arteaga
México,Villa de Arriaga
México,Ciudad Apodaca
México,San Francisco
México,Angahuán
México,Amealco
México,Allende
México,Alamos
México,Agua Zarca
México,Agua Prieta
México,Agua Blanca
México,Anáhuac
México,Victoria
México,La Yerbabuena
México,Dolores Hidalgo
México,Carrizal Grande
México,Victoria de Cortazar
México,Téjaro
México,Lázaro Cárdenas
México,La Arboleda
México,Buenavista
México,San Cayetano
México,San Luis de La Loma
México,Tecomán
México,Tecomán
México,Rancho Grande
México,El Arrallan
México,El Mirador
México,El Naranjo
México,El Romeral
Islas Pitcairn,Adamstown
Tonga,Nuku'alofa
Polinesia Francesa,Papeete
Samoa,Apia
Islas Cook,Avarua
Isla Niue,Alofi
Guam,Agaña
Estados Unidos,Birmingham
Estados Unidos,Mobile
Estados Unidos,Montgomery
Estados Unidos,Jacksonville
Estados Unidos,Little Rock
Estados Unidos,Mena
Estados Unidos,Washington
Estados Unidos,Dover
Estados Unidos,Wilmington
Estados Unidos,Boca de Ratones
Estados Unidos,Cabo Cañaveral
Estados Unidos,Cabo Coral
Estados Unidos,Fort Lauderdale
Estados Unidos,Hialeah
Estados Unidos,Jacksonville
Estados Unidos,Cayo Largo
Estados Unidos,Cayo Hueso
Estados Unidos,Marathon
Estados Unidos,Miami Beach
Estados Unidos,Orlando
Estados Unidos,Pensacola
Estados Unidos,San Agustín
Estados Unidos,Sarasota
Estados Unidos,Sebastián
Estados Unidos,Tallahassee
Estados Unidos,Tampa
Estados Unidos,Atlanta
Estados Unidos,Augusta
Estados Unidos,Columbus
Estados Unidos,La Fayette
Estados Unidos,Midway
Estados Unidos,Saint Simons Island
Estados Unidos,Savannah
Estados Unidos,Springfield
Estados Unidos,Indianápolis
Estados Unidos,Topeka
Estados Unidos,Wichita
Estados Unidos,Frankfort
Estados Unidos,Lexington
Estados Unidos,Baton Rouge
Estados Unidos,Nueva Iberia
Estados Unidos,Nueva Orleans
Estados Unidos,Aberdeen
Estados Unidos,Annapolis
Estados Unidos,Baltimore
Estados Unidos,Columbia
Estados Unidos,Jefferson City
Estados Unidos,Kansas City
Estados Unidos,Nueva Madrid
Estados Unidos,St. Charles
Estados Unidos,St. Joseph
Estados Unidos,San Luis
Estados Unidos,Jackson
Estados Unidos,Charlotte
Estados Unidos,Raleigh
Estados Unidos,Statesville
Estados Unidos,Municipio de Maple Shade
Estados Unidos,Municipio de Medford
Estados Unidos,Municipio de Pennsville
Estados Unidos,Municipio de Winslow
Estados Unidos,Cincinnati
Estados Unidos,Columbus
Estados Unidos,Loveland
Estados Unidos,Waverly City
Estados Unidos,Oklahoma City
Estados Unidos,Tulsa
Estados Unidos,Filadelfia
Puerto Rico,Bayamón
Puerto Rico,Canóvanas
Puerto Rico,Cataño
Puerto Rico,Ponce
Puerto Rico,San Juan
Estados Unidos,Columbia
Estados Unidos,Knoxville
Estados Unidos,Menfis
Estados Unidos,Nashville
Estados Unidos,Abilene
Estados Unidos,Anáhuac
Estados Unidos,Austin
Estados Unidos,Brownsville
Estados Unidos,Corpus Christi
Estados Unidos,Dallas
Estados Unidos,Fort Worth
Estados Unidos,Galveston
Estados Unidos,Gonzáles
Estados Unidos,Laredo
Estados Unidos,Marshall
Estados Unidos,Palestine
Estados Unidos,San Antonio
Estados Unidos,Waco
Estados Unidos,Arlington
Estados Unidos,Virginia Beach
Estados Unidos,Charleston
Estados Unidos,Hartford
Estados Unidos,New Haven
Estados Unidos,Davenport
Estados Unidos,Des Moines
Estados Unidos,Calumet
Estados Unidos,Champaign
Estados Unidos,Chicago
Estados Unidos,Cícero
Estados Unidos,LaSalle
Estados Unidos,Urbana
Estados Unidos,South Bend
Estados Unidos,Valparaíso
Estados Unidos,Boston
Estados Unidos,Cambridge
Estados Unidos,Augusta
Estados Unidos,Ann Arbor
Estados Unidos,Village of Clarkston
Estados Unidos,Dearborn
Estados Unidos,Detroit
Estados Unidos,Grand Rapids
Estados Unidos,Lansing
Estados Unidos,Pontiac
Estados Unidos,Duluth
Estados Unidos,Mineápolis
Estados Unidos,Saint Paul
Estados Unidos,Fargo
Estados Unidos,Lincoln
Estados Unidos,Omaha
Estados Unidos,Concord
Estados Unidos,Manchester
Estados Unidos,Municipio de Colts Neck
Estados Unidos,Municipio de Hazlet
Estados Unidos,Municipio de Holmdel
Estados Unidos,Municipio de Lakewood
Estados Unidos,Municipio de Middletown
Estados Unidos,Municipio de Montague
Estados Unidos,Municipio de Montville
Estados Unidos,Nuevo Brunswick
Estados Unidos,Newark
Estados Unidos,Municipio de Pequannock
Estados Unidos,Princeton
Estados Unidos,Trenton
Estados Unidos,Albany
Estados Unidos,Binghamton
Estados Unidos,Brooklyn
Estados Unidos,Búfalo
Estados Unidos,Lake Placid
Estados Unidos,Nueva Rochelle
Estados Unidos,Nueva York
Estados Unidos,Rochester
Estados Unidos,Siracusa
Estados Unidos,Akron
Estados Unidos,Cádiz
Estados Unidos,Cleveland
Estados Unidos,Napoleón
Estados Unidos,Painesville
Estados Unidos,Toledo
Estados Unidos,Municipio de Abington
Estados Unidos,Municipio de Bensalem
Estados Unidos,Municipio de Buckingham
Estados Unidos,Harrisburg
Estados Unidos,Municipio de Horsham
Estados Unidos,Lancaster
Estados Unidos,Pittsburgh
Estados Unidos,North Kingstown
Estados Unidos,Providence
Estados Unidos,Sioux Falls
Estados Unidos,Barre
Estados Unidos,Burlington
Estados Unidos,Montpelier
Estados Unidos,Green Bay
Estados Unidos,Madison
Estados Unidos,Milwaukee
Estados Unidos,Racine
Estados Unidos,Glendale
Estados Unidos,Nogales
Estados Unidos,Phoenix
Estados Unidos,Tucson
Estados Unidos,Yuma
Estados Unidos,Álamo
Estados Unidos,Anaheim
Estados Unidos,Berkeley
Estados Unidos,Beverly Hills
Estados Unidos,Carpintería
Estados Unidos,Carson
Estados Unidos,Chico
Estados Unidos,Daly City
Estados Unidos,Davis
Estados Unidos,Base de las Fuerzas Aéreas de Edwards
Estados Unidos,El Cajón
Estados Unidos,El Monte
Estados Unidos,Fairfield
Estados Unidos,Fresno
Estados Unidos,Goleta
Estados Unidos,Jolon
Estados Unidos,Julián
Estados Unidos,Lakewood
Estados Unidos,Long Beach
Estados Unidos,Los Altos
Estados Unidos,Los Ángeles
Estados Unidos,Los Baños
Estados Unidos,Lynwood
Estados Unidos,Martínez
Estados Unidos,Monterrey
Estados Unidos,Oakland
Estados Unidos,Pacífica
Estados Unidos,Palo Alto
Estados Unidos,Pasadena
Estados Unidos,El Paso de Robles
Estados Unidos,Punta Arenas
Estados Unidos,Richmond
Estados Unidos,Río Linda
Estados Unidos,Riverside
Estados Unidos,Sacramento
Estados Unidos,San Diego
Estados Unidos,San Francisco
Estados Unidos,San Joaquín
Estados Unidos,San José
Estados Unidos,San Martín
Estados Unidos,San Ramón
Estados Unidos,Santa Ana
Estados Unidos,Santa Bárbara
Estados Unidos,Santa Clara
Estados Unidos,Santa Cruz
Estados Unidos,Santa María
Estados Unidos,Santa Mónica
Estados Unidos,Sunnyvale
Estados Unidos,Tiburón
Estados Unidos,Aspen
Estados Unidos,Colorado Springs
Estados Unidos,Denver
Estados Unidos,Las Ánimas
Estados Unidos,Limón
Estados Unidos,Winter Park
Estados Unidos,Alburquerque
Estados Unidos,Ánimas
Estados Unidos,Belén
Estados Unidos,Jémez Springs
Estados Unidos,Los Álamos
Estados Unidos,Ratón
Estados Unidos,Río Rancho
Estados Unidos,Santa Fe
Estados Unidos,Carson City
Estados Unidos,Las Vegas
Estados Unidos,Reno
Estados Unidos,Del Río
Estados Unidos,El Paso
Estados Unidos,Lubbock
Estados Unidos,Pampa
Estados Unidos,Juneau
Estados Unidos,Ketchikan
Estados Unidos,Sitka
Estados Unidos,Río Dell
Estados Unidos,Boise
Estados Unidos,Área metropolitana de Billings
Estados Unidos,Helena
Estados Unidos,Bismarck
Estados Unidos,Oregón City
Estados Unidos,Portland
Estados Unidos,Salem
Estados Unidos,Layton
Estados Unidos,Provo
Estados Unidos,Salt Lake City
Estados Unidos,Olympia
Estados Unidos,Redmond
Estados Unidos,Seattle
Estados Unidos,Spokane
Estados Unidos,Vancouver
Estados Unidos,Cheyenne
Estados Unidos,Kailua-Kona
Estados Unidos,Hilo
Estados Unidos,Honolulu
Estados Unidos,Fairbanks
Estados Unidos,Anchorage
Samoa Americana,Samoa Americana
Samoa Americana,Pago Pago
Canadá,Banff
Canadá,Burnaby
Canadá,Calgary
Canadá,Coquitlam
Canadá,Dollard-Des-Ormeaux
Canadá,Edmonton
Canadá,Española
Canadá,Gander
Canadá,Gatineau
Canadá,Gran Sudbury
Canadá,Iqaluit
Canadá,Kamloops
Canadá,Kelowna
Canadá,Kingston
Canadá,Distrito de Langley
Canadá,Lethbridge
Canadá,London
Canadá,Montreal
Canadá,Nanaimo
Canadá,Niagara Falls
Canadá,Ottawa
Canadá,Regina
Canadá,Saguenay
Canadá,Saskatoon
Canadá,Saint Albert
Canadá,Saint Thomas
Canadá,Toronto
Canadá,Trois-Rivières
Canadá,Vancouver
Canadá,Verdún
Canadá,Victoria
Canadá,Whitehorse
Canadá,Winnipeg
Canadá,Yarmouth
Canadá,Yellowknife
Nueva Zelanda,Whangarei
Nueva Zelanda,Rotorua
Brasil,Juína
España,Santa Ponsa
Canadá,San Juan de Terranova
España,Acartegui
España,Iciar
Canadá,Quebec
España,Palmanova
España,Puerto del Carmen
España,Peguera
España,Port de Pollença
España,La Manga
España,La Nucia
España,San José
España,Gavà
España,Premiá de Mar
España,Santa Coloma de Gramanet
España,Serchs
España,Tarrasa
España,San Rafael del Río
España,Finisterre
España,Almácera
España,Miravalles
España,Ceuta
España,Comarruga
España,Mallorca
Italia,Isla del Giglio
España,Sagaro
España,Alfaz del Pi
España,L'Albir
Francia,Sophia Antípolis
España,Pasajes
Antártida,Antártida
Ucrania,Slavutich
Malasia,Ciberjaya
Colombia,Chicó
Estados Unidos,Municipio de East Brunswick
Estados Unidos,Municipio de Grosse Ile
Estados Unidos,Scott AFB
Estados Unidos,Municipio de West Bloomfield
Estados Unidos,Base de la Fuerza Aérea Whiteman
Estados Unidos,Base de la Fuerza Aérea Fairchild
Estados Unidos,Fuerte Huachuca
Marruecos,Er-Rachidía
Chile,Lo Prado
Estados Unidos,Río Vista
Panamá,Marragantí
Colombia,El Cortijo
Colombia,Aguas Frias
Alemania,Isla de Fehmarn
Colombia,Aures Número Uno
Colombia,La Pradera
Colombia,El Corazón
Colombia,Barrios de Jesús
Colombia,Los Naranjos
Colombia,Alta Vista
Estados Unidos,Municipio de Howell
Argentina,Río Turbio
México,Garza García
México,Calentadores Dos
México,Benito Juárez
México,Agua Nacida
México,Guaymas
México,Carbo
México,Hermosillo Sahuaripa
México,Metepec
México,Villa José Azueta
Suecia,Are
México,San Antonio
Uruguay,Pinares
Uruguay,Estación José Ignacio
Uruguay,Pinamar
Uruguay,Berrondo
Uruguay,Los Arrayanes
Perú,Bola de Oro
México,Buenavista
México,La Penca
México,Infonavit
México,Ferrocarrilera
México,El Areño
México,Las Arboledas
Argentina,Carlos Spegazzini
Argentina,Martín Coronado
Argentina,Villa Celina
México,Brisas
México,Alejandra
México,Costa Dorada
México,La Rejoyada
México,Guadalupe
México,Gobernadores
México,Cuarto
México,Héroes de Padierna
México,Espartaco
México,Legaria
México,Tlaxpana
México,Pensil Norte
México,Álvaro Obregón
México,Citlalli
México,Sinatel
México,Axotla
México,Águilas
México,Atlántida
México,El Hujal
México,Neza
